Workbook

Sheet README
A1: India CPI Inflation Case Study - Excel workbook
A3: Sheets
A4: Data: raw CSV (month labels fixed, NA left blank).
A5: RU_Raw -> RU_Clean: Rural+Urban rows laid out Jan-2013..May-2023; missing values imputed in RU_Clean.
A6: MoM / YoY: month-on-month and year-on-year % change for every category.
A7: Q1..Q5: one sheet per question. Green cells = answers. Every number is a formula.
A9: Colour code
A10: Blue text on yellow = input you can change. Green text = pulled from another sheet. Black = calculation.
A12: Data cleaning log
A13: 1) Month typo "Marcrh" (Rural+Urban, 2014) corrected to March; "November " trailing space removed.
A14: 2) April 2019 is absent from the file for all sectors -> added as a blank row and imputed (average of Mar and May).
A15: 3) April and May 2020 have NA values (lockdown) -> imputed with straight-line interpolation.
... A22: Q5 needs monthly Indian Basket crude prices (PPAC, ppac.gov.in). Six verified monthly points are pre-filled; fill the rest to see correlations.

Sheet Data
A1: Sector | B1: Year | C1: Month | D1: Cereals and products | E1: Meat and fish | F1: Egg | G1: Milk and products | H1: Oils and fats | I1: Fruits | J1: Vegetables | K1: Pulses and products | L1: Sugar and Confectionery | M1: Spices | N1: Non-alcoholic beverages | O1: Prepared meals, snacks, sweets etc. | P1: Food and beverages | Q1: Pan, tobacco and intoxicants | R1: Clothing | S1: Footwear | T1: Clothing and footwear | U1: Housing | V1: Fuel and light | W1: Household goods and services | X1: Health | Y1: Transport and communication | Z1: Recreation and amusement | AA1: Education | AB1: Personal care and effects | AC1: Miscellaneous | AD1: General index | AE1: Key
A2: Rural | B2: 2013 | C2: January | D2: 107.5 | E2: 106.3 | F2: 108.1 | G2: 104.9 | H2: 106.1 | I2: 103.9 | J2: 101.9 | K2: 106.1 | L2: 106.8 | M2: 103.1 | N2: 104.8 | O2: 106.7 | P2: 105.5 | Q2: 105.1 | R2: 106.5 | S2: 105.8 | T2: 106.4 | V2: 105.5 | W2: 104.8 | X2: 104 | Y2: 103.3 | Z2: 103.4 | AA2: 103.8 | AB2: 104.7 | AC2: 104 | AD2: 105.1 | AE2: =A2&"|"&B2&"|"&C2 -> Rural|2013|January
A3: Urban | B3: 2013 | C3: January | D3: 110.5 | E3: 109.1 | F3: 113 | G3: 103.6 | H3: 103.4 | I3: 102.3 | J3: 102.9 | K3: 105.8 | L3: 105.1 | M3: 101.8 | N3: 105.1 | O3: 107.9 | P3: 105.9 | Q3: 105.2 | R3: 105.9 | S3: 105 | T3: 105.8 | U3: 100.3 | V3: 105.4 | W3: 104.8 | X3: 104.1 | Y3: 103.2 | Z3: 102.9 | AA3: 103.5 | AB3: 104.3 | AC3: 103.7 | AD3: 104 | AE3: =A3&"|"&B3&"|"&C3 -> Urban|2013|January
A4: Rural+Urban | B4: 2013 | C4: January | D4: 108.4 | E4: 107.3 | F4: 110 | G4: 104.4 | H4: 105.1 | I4: 103.2 | J4: 102.2 | K4: 106 | L4: 106.2 | M4: 102.7 | N4: 104.9 | O4: 107.3 | P4: 105.6 | Q4: 105.1 | R4: 106.3 | S4: 105.5 | T4: 106.2 | U4: 100.3 | V4: 105.5 | W4: 104.8 | X4: 104 | Y4: 103.2 | Z4: 103.1 | AA4: 103.6 | AB4: 104.5 | AC4: 103.9 | AD4: 104.6 | AE4: =A4&"|"&B4&"|"&C4 -> Rural+Urban|2013|January
A5: Rural | B5: 2013 | C5: February | D5: 109.2 | E5: 108.7 | F5: 110.2 | G5: 105.4 | H5: 106.7 | I5: 104 | J5: 102.4 | K5: 105.9 | L5: 105.7 | M5: 103.1 | N5: 105.1 | O5: 107.7 | P5: 106.3 | Q5: 105.6 | R5: 107.1 | S5: 106.3 | T5: 107 | V5: 106.2 | W5: 105.2 | X5: 104.4 | Y5: 103.9 | Z5: 104 | AA5: 104.1 | AB5: 104.6 | AC5: 104.4 | AD5: 105.8 | AE5: =A5&"|"&B5&"|"&C5 -> Rural|2013|February
A6: Urban | B6: 2013 | C6: February | D6: 112.9 | E6: 112.9 | F6: 116.9 | G6: 104 | H6: 103.5 | I6: 103.1 | J6: 104.9 | K6: 104.1 | L6: 103.8 | M6: 102.3 | N6: 106 | O6: 109 | P6: 107.2 | Q6: 106 | R6: 106.6 | S6: 105.5 | T6: 106.4 | U6: 100.4 | V6: 105.7 | W6: 105.2 | X6: 104.7 | Y6: 104.4 | Z6: 103.3 | AA6: 103.7 | AB6: 104.3 | AC6: 104.3 | AD6: 104.7 | AE6: =A6&"|"&B6&"|"&C6 -> Urban|2013|February
A7: Rural+Urban | B7: 2013 | C7: February | D7: 110.4 | E7: 110.2 | F7: 112.8 | G7: 104.9 | H7: 105.5 | I7: 103.6 | J7: 103.2 | K7: 105.3 | L7: 105.1 | M7: 102.8 | N7: 105.5 | O7: 108.3 | P7: 106.6 | Q7: 105.7 | R7: 106.9 | S7: 106 | T7: 106.8 | U7: 100.4 | V7: 106 | W7: 105.2 | X7: 104.5 | Y7: 104.2 | Z7: 103.6 | AA7: 103.9 | AB7: 104.5 | AC7: 104.4 | AD7: 105.3 | AE7: =A7&"|"&B7&"|"&C7 -> Rural+Urban|2013|February
A8: Rural | B8: 2013 | C8: March | D8: 110.2 | E8: 108.8 | F8: 109.9 | G8: 105.6 | H8: 106.2 | I8: 105.7 | J8: 101.4 | K8: 105.7 | L8: 105 | M8: 103.3 | N8: 105.6 | O8: 108.2 | P8: 106.6 | Q8: 106.5 | R8: 107.6 | S8: 106.8 | T8: 107.5 | V8: 106.1 | W8: 105.6 | X8: 104.7 | Y8: 104.6 | Z8: 104 | AA8: 104.3 | AB8: 104.3 | AC8: 104.6 | AD8: 106 | AE8: =A8&"|"&B8&"|"&C8 -> Rural|2013|March
A9: Urban | B9: 2013 | C9: March | D9: 113.9 | E9: 111.4 | F9: 113.2 | G9: 104.3 | H9: 102.7 | I9: 104.9 | J9: 103.8 | K9: 103.5 | L9: 102.6 | M9: 102.4 | N9: 107 | O9: 109.8 | P9: 107.3 | Q9: 106.8 | R9: 107.2 | S9: 106 | T9: 107 | U9: 100.4 | V9: 106 | W9: 105.7 | X9: 105.2 | Y9: 105.5 | Z9: 103.5 | AA9: 103.8 | AB9: 104.2 | AC9: 104.9 | AD9: 105 | AE9: =A9&"|"&B9&"|"&C9 -> Urban|2013|March
A10: Rural+Urban | B10: 2013 | C10: March | D10: 111.4 | E10: 109.7 | F10: 111.2 | G10: 105.1 | H10: 104.9 | I10: 105.3 | J10: 102.2 | K10: 105 | L10: 104.2 | M10: 103 | N10: 106.2 | O10: 108.9 | P10: 106.9 | Q10: 106.6 | R10: 107.4 | S10: 106.5 | T10: 107.3 | U10: 100.4 | V10: 106.1 | W10: 105.6 | X10: 104.9 | Y10: 105.1 | Z10: 103.7 | AA10: 104 | AB10: 104.3 | AC10: 104.7 | AD10: 105.5 | AE10: =A10&"|"&B10&"|"&C10 -> Rural+Urban|2013|March
A11: Rural | B11: 2013 | C11: April | D11: 110.2 | E11: 109.5 | F11: 106.9 | G11: 106.3 | H11: 105.7 | I11: 108.3 | J11: 103.4 | K11: 105.7 | L11: 104.2 | M11: 103.2 | N11: 106.5 | O11: 108.8 | P11: 107.1 | Q11: 107.1 | R11: 108.1 | S11: 107.4 | T11: 108 | V11: 106.5 | W11: 106.1 | X11: 105.1 | Y11: 104.4 | Z11: 104.5 | AA11: 104.8 | AB11: 102.7 | AC11: 104.6 | AD11: 106.4 | AE11: =A11&"|"&B11&"|"&C11 -> Rural|2013|April
A12: Urban | B12: 2013 | C12: April | D12: 114.6 | E12: 113.4 | F12: 106 | G12: 104.7 | H12: 102.1 | I12: 109.5 | J12: 109.7 | K12: 104.6 | L12: 102 | M12: 103.5 | N12: 108.2 | O12: 110.6 | P12: 108.8 | Q12: 108.5 | R12: 107.9 | S12: 106.4 | T12: 107.7 | U12: 100.5 | V12: 106.4 | W12: 106.5 | X12: 105.7 | Y12: 105 | Z12: 104 | AA12: 105.2 | AB12: 103.2 | AC12: 105.1 | AD12: 105.7 | AE12: =A12&"|"&B12&"|"&C12 -> Urban|2013|April
A13: Rural+Urban | B13: 2013 | C13: April | D13: 111.6 | E13: 110.9 | F13: 106.6 | G13: 105.7 | H13: 104.4 | I13: 108.9 | J13: 105.5 | K13: 105.3 | L13: 103.5 | M13: 103.3 | N13: 107.2 | O13: 109.6 | P13: 107.7 | Q13: 107.5 | R13: 108 | S13: 107 | T13: 107.9 | U13: 100.5 | V13: 106.5 | W13: 106.3 | X13: 105.3 | Y13: 104.7 | Z13: 104.2 | AA13: 105 | AB13: 102.9 | AC13: 104.8 | AD13: 106.1 | AE13: =A13&"|"&B13&"|"&C13 -> Rural+Urban|2013|April
A14: Rural | B14: 2013 | C14: May | D14: 110.9 | E14: 109.8 | F14: 105.9 | G14: 107.5 | H14: 105.3 | I14: 108.1 | J14: 107.3 | K14: 106.1 | L14: 103.7 | M14: 104 | N14: 107.4 | O14: 109.9 | P14: 108.1 | Q14: 108.1 | R14: 108.8 | S14: 107.9 | T14: 108.6 | V14: 107.5 | W14: 106.8 | X14: 105.7 | Y14: 104.1 | Z14: 105 | AA14: 105.5 | AB14: 102.1 | AC14: 104.8 | AD14: 107.2 | AE14: =A14&"|"&B14&"|"&C14 -> Rural|2013|May
A15: Urban | B15: 2013 | C15: May | D15: 115.4 | E15: 114.2 | F15: 102.7 | G15: 105.5 | H15: 101.5 | I15: 110.6 | J15: 123.7 | K15: 105.2 | L15: 101.9 | M15: 105 | N15: 109.1 | O15: 111.3 | P15: 111.1 | Q15: 109.8 | R15: 108.5 | S15: 106.7 | T15: 108.3 | U15: 100.5 | V15: 107.2 | W15: 107.1 | X15: 106.2 | Y15: 103.9 | Z15: 104.6 | AA15: 105.7 | AB15: 102.6 | AC15: 104.9 | AD15: 106.6 | AE15: =A15&"|"&B15&"|"&C15 -> Urban|2013|May
A16: Rural+Urban | B16: 2013 | C16: May | D16: 112.3 | E16: 111.3 | F16: 104.7 | G16: 106.8 | H16: 103.9 | I16: 109.3 | J16: 112.9 | K16: 105.8 | L16: 103.1 | M16: 104.3 | N16: 108.1 | O16: 110.5 | P16: 109.2 | Q16: 108.6 | R16: 108.7 | S16: 107.4 | T16: 108.5 | U16: 100.5 | V16: 107.4 | W16: 106.9 | X16: 105.9 | Y16: 104 | Z16: 104.8 | AA16: 105.6 | AB16: 102.3 | AC16: 104.8 | AD16: 106.9 | AE16: =A16&"|"&B16&"|"&C16 -> Rural+Urban|2013|May
A17: Rural | B17: 2013 | C17: June | D17: 112.3 | E17: 112.1 | F17: 108.1 | G17: 108.3 | H17: 105.9 | I17: 109.2 | J17: 118 | K17: 106.8 | L17: 104.1 | M17: 105.4 | N17: 108.2 | O17: 111 | P17: 110.6 | Q17: 109 | R17: 109.7 | S17: 108.8 | T17: 109.5 | V17: 108.5 | W17: 107.5 | X17: 106.3 | Y17: 105 | Z17: 105.6 | AA17: 106.5 | AB17: 102.5 | AC17: 105.5 | AD17: 108.9 | AE17: =A17&"|"&B17&"|"&C17 -> Rural|2013|June
A18: Urban | B18: 2013 | C18: June | D18: 117 | E18: 120.1 | F18: 112.5 | G18: 107.3 | H18: 101.3 | I18: 112.4 | J18: 143.6 | K18: 105.4 | L18: 101.4 | M18: 106.4 | N18: 110 | O18: 112.2 | P18: 115 | Q18: 110.9 | R18: 109.2 | S18: 107.2 | T18: 108.9 | U18: 106.6 | V18: 108 | W18: 107.7 | X18: 106.5 | Y18: 105.2 | Z18: 105.2 | AA18: 108.1 | AB18: 103.3 | AC18: 106.1 | AD18: 109.7 | AE18: =A18&"|"&B18&"|"&C18 -> Urban|2013|June
A19: Rural+Urban | B19: 2013 | C19: June | D19: 113.8 | E19: 114.9 | F19: 109.8 | G19: 107.9 | H19: 104.2 | I19: 110.7 | J19: 126.7 | K19: 106.3 | L19: 103.2 | M19: 105.7 | N19: 109 | O19: 111.6 | P19: 112.2 | Q19: 109.5 | R19: 109.5 | S19: 108.1 | T19: 109.3 | U19: 106.6 | V19: 108.3 | W19: 107.6 | X19: 106.4 | Y19: 105.1 | Z19: 105.4 | AA19: 107.4 | AB19: 102.8 | AC19: 105.8 | AD19: 109.3 | AE19: =A19&"|"&B19&"|"&C19 -> Rural+Urban|2013|June
A20: Rural | B20: 2013 | C20: July | D20: 113.4 | E20: 114.9 | F20: 110.5 | G20: 109.3 | H20: 106.2 | I20: 110.3 | J20: 129.2 | K20: 107.1 | L20: 104.3 | M20: 106.4 | N20: 109.1 | O20: 112.1 | P20: 113.1 | Q20: 109.8 | R20: 110.5 | S20: 109.5 | T20: 110.3 | V20: 109.5 | W20: 108.3 | X20: 106.9 | Y20: 106.8 | Z20: 106.4 | AA20: 107.8 | AB20: 102.5 | AC20: 106.5 | AD20: 110.7 | AE20: =A20&"|"&B20&"|"&C20 -> Rural|2013|July
A21: Urban | B21: 2013 | C21: July | D21: 117.8 | E21: 119.2 | F21: 114 | G21: 108.3 | H21: 101.1 | I21: 113.2 | J21: 160.9 | K21: 105.1 | L21: 101.3 | M21: 107.5 | N21: 110.4 | O21: 113.1 | P21: 117.5 | Q21: 111.7 | R21: 109.8 | S21: 107.8 | T21: 109.5 | U21: 107.7 | V21: 108.6 | W21: 108.1 | X21: 107.1 | Y21: 107.3 | Z21: 105.9 | AA21: 110.1 | AB21: 103.2 | AC21: 107.3 | AD21: 111.4 | AE21: =A21&"|"&B21&"|"&C21 -> Urban|2013|July
A22: Rural+Urban | B22: 2013 | C22: July | D22: 114.8 | E22: 116.4 | F22: 111.9 | G22: 108.9 | H22: 104.3 | I22: 111.7 | J22: 140 | K22: 106.4 | L22: 103.3 | M22: 106.8 | N22: 109.6 | O22: 112.6 | P22: 114.7 | Q22: 110.3 | R22: 110.2 | S22: 108.8 | T22: 110 | U22: 107.7 | V22: 109.2 | W22: 108.2 | X22: 107 | Y22: 107.1 | Z22: 106.1 | AA22: 109.1 | AB22: 102.8 | AC22: 106.9 | AD22: 111 | AE22: =A22&"|"&B22&"|"&C22 -> Rural+Urban|2013|July
A23: Rural | B23: 2013 | C23: August | D23: 114.3 | E23: 115.4 | F23: 111.1 | G23: 110 | H23: 106.4 | I23: 110.8 | J23: 138.9 | K23: 107.4 | L23: 104.1 | M23: 106.9 | N23: 109.7 | O23: 112.6 | P23: 114.9 | Q23: 110.7 | R23: 111.3 | S23: 110.2 | T23: 111.1 | V23: 109.9 | W23: 108.7 | X23: 107.5 | Y23: 107.8 | Z23: 106.8 | AA23: 108.7 | AB23: 105 | AC23: 107.5 | AD23: 112.1 | AE23: =A23&"|"&B23&"|"&C23 -> Rural|2013|August
A24: Urban | B24: 2013 | C24: August | D24: 118.3 | E24: 120.4 | F24: 112.7 | G24: 108.9 | H24: 101.1 | I24: 108.7 | J24: 177 | K24: 104.7 | L24: 101 | M24: 108.5 | N24: 110.9 | O24: 114.3 | P24: 119.6 | Q24: 112.4 | R24: 110.6 | S24: 108.3 | T24: 110.2 | U24: 108.9 | V24: 109.3 | W24: 108.7 | X24: 107.6 | Y24: 108.1 | Z24: 106.5 | AA24: 110.8 | AB24: 106 | AC24: 108.3 | AD24: 112.7 | AE24: =A24&"|"&B24&"|"&C24 -> Urban|2013|August
A25: Rural+Urban | B25: 2013 | C25: August | D25: 115.6 | E25: 117.2 | F25: 111.7 | G25: 109.6 | H25: 104.5 | I25: 109.8 | J25: 151.8 | K25: 106.5 | L25: 103.1 | M25: 107.4 | N25: 110.2 | O25: 113.4 | P25: 116.6 | Q25: 111.2 | R25: 111 | S25: 109.4 | T25: 110.7 | U25: 108.9 | V25: 109.7 | W25: 108.7 | X25: 107.5 | Y25: 108 | Z25: 106.6 | AA25: 109.9 | AB25: 105.4 | AC25: 107.9 | AD25: 112.4 | AE25: =A25&"|"&B25&"|"&C25 -> Rural+Urban|2013|August
A26: Rural | B26: 2013 | C26: September | D26: 115.4 | E26: 115.7 | F26: 111.7 | G26: 111 | H26: 107.4 | I26: 110.9 | J26: 154 | K26: 108.1 | L26: 104.2 | M26: 107.9 | N26: 110.4 | O26: 114 | P26: 117.8 | Q26: 111.7 | R26: 112.7 | S26: 111.4 | T26: 112.5 | V26: 111.1 | W26: 109.6 | X26: 108.3 | Y26: 109.3 | Z26: 107.7 | AA26: 109.8 | AB26: 106.7 | AC26: 108.7 | AD26: 114.2 | AE26: =A26&"|"&B26&"|"&C26 -> Rural|2013|September
A27: Urban | B27: 2013 | C27: September | D27: 118.6 | E27: 119.1 | F27: 113.2 | G27: 109.6 | H27: 101.7 | I27: 103.2 | J27: 174.3 | K27: 105.1 | L27: 100.8 | M27: 109.1 | N27: 111.1 | O27: 115.4 | P27: 119.2 | Q27: 112.9 | R27: 111.4 | S27: 109 | T27: 111.1 | U27: 109.7 | V27: 109.5 | W27: 109.6 | X27: 107.9 | Y27: 110.4 | Z27: 107.4 | AA27: 111.2 | AB27: 106.9 | AC27: 109.4 | AD27: 113.2 | AE27: =A27&"|"&B27&"|"&C27 -> Urban|2013|September
A28: Rural+Urban | B28: 2013 | C28: September | D28: 116.4 | E28: 116.9 | F28: 112.3 | G28: 110.5 | H28: 105.3 | I28: 107.3 | J28: 160.9 | K28: 107.1 | L28: 103.1 | M28: 108.3 | N28: 110.7 | O28: 114.6 | P28: 118.3 | Q28: 112 | R28: 112.2 | S28: 110.4 | T28: 111.9 | U28: 109.7 | V28: 110.5 | W28: 109.6 | X28: 108.1 | Y28: 109.9 | Z28: 107.5 | AA28: 110.6 | AB28: 106.8 | AC28: 109 | AD28: 113.7 | AE28: =A28&"|"&B28&"|"&C28 -> Rural+Urban|2013|September
A29: Rural | B29: 2013 | C29: October | D29: 116.3 | E29: 115.4 | F29: 112.6 | G29: 111.7 | H29: 107.7 | I29: 113.2 | J29: 164.9 | K29: 108.3 | L29: 103.9 | M29: 108.2 | N29: 111.1 | O29: 114.9 | P29: 119.8 | Q29: 112.2 | R29: 113.6 | S29: 112.3 | T29: 113.4 | V29: 111.6 | W29: 110.4 | X29: 108.9 | Y29: 109.3 | Z29: 108.3 | AA29: 110.2 | AB29: 107.5 | AC29: 109.1 | AD29: 115.5 | AE29: =A29&"|"&B29&"|"&C29 -> Rural|2013|October
A30: Urban | B30: 2013 | C30: October | D30: 118.9 | E30: 118.1 | F30: 114.5 | G30: 110.4 | H30: 102.3 | I30: 106.2 | J30: 183.5 | K30: 105.3 | L30: 100.2 | M30: 109.6 | N30: 111.4 | O30: 116 | P30: 120.8 | Q30: 113.5 | R30: 112.5 | S30: 109.7 | T30: 112 | U30: 110.5 | V30: 109.7 | W30: 110.2 | X30: 108.2 | Y30: 109.7 | Z30: 108 | AA30: 111.3 | AB30: 107.3 | AC30: 109.4 | AD30: 114 | AE30: =A30&"|"&B30&"|"&C30 -> Urban|2013|October
A31: Rural+Urban | B31: 2013 | C31: October | D31: 117.1 | E31: 116.3 | F31: 113.3 | G31: 111.2 | H31: 105.7 | I31: 109.9 | J31: 171.2 | K31: 107.3 | L31: 102.7 | M31: 108.7 | N31: 111.2 | O31: 115.4 | P31: 120.2 | Q31: 112.5 | R31: 113.2 | S31: 111.2 | T31: 112.8 | U31: 110.5 | V31: 110.9 | W31: 110.3 | X31: 108.6 | Y31: 109.5 | Z31: 108.1 | AA31: 110.8 | AB31: 107.4 | AC31: 109.2 | AD31: 114.8 | AE31: =A31&"|"&B31&"|"&C31 -> Rural+Urban|2013|October
A32: Rural | B32: 2013 | C32: November | D32: 117.3 | E32: 114.9 | F32: 116.2 | G32: 112.8 | H32: 108.9 | I32: 116.6 | J32: 178.1 | K32: 109.1 | L32: 103.6 | M32: 109 | N32: 111.8 | O32: 116 | P32: 122.5 | Q32: 112.8 | R32: 114.6 | S32: 113.1 | T32: 114.4 | V32: 112.6 | W32: 111.3 | X32: 109.7 | Y32: 109.6 | Z32: 108.7 | AA32: 111 | AB32: 108.2 | AC32: 109.8 | AD32: 117.4 | AE32: =A32&"|"&B32&"|"&C32 -> Rural|2013|November
A33: Urban | B33: 2013 | C33: November | D33: 119.8 | E33: 116.3 | F33: 122.6 | G33: 112 | H33: 103.2 | I33: 110 | J33: 192.8 | K33: 106.3 | L33: 99.5 | M33: 110.3 | N33: 111.8 | O33: 117.1 | P33: 122.9 | Q33: 114.1 | R33: 113.5 | S33: 110.3 | T33: 113 | U33: 111.1 | V33: 110 | W33: 110.9 | X33: 108.6 | Y33: 109.5 | Z33: 108.5 | AA33: 111.3 | AB33: 107.9 | AC33: 109.6 | AD33: 115 | AE33: =A33&"|"&B33&"|"&C33 -> Urban|2013|November
A34: Rural+Urban | B34: 2013 | C34: November | D34: 118.1 | E34: 115.4 | F34: 118.7 | G34: 112.5 | H34: 106.8 | I34: 113.5 | J34: 183.1 | K34: 108.2 | L34: 102.2 | M34: 109.4 | N34: 111.8 | O34: 116.5 | P34: 122.6 | Q34: 113.1 | R34: 114.2 | S34: 111.9 | T34: 113.8 | U34: 111.1 | V34: 111.6 | W34: 111.1 | X34: 109.3 | Y34: 109.5 | Z34: 108.6 | AA34: 111.2 | AB34: 108.1 | AC34: 109.7 | AD34: 116.3 | AE34: =A34&"|"&B34&"|"&C34 -> Rural+Urban|2013|November
A35: Rural | B35: 2013 | C35: December | D35: 118.4 | E35: 115.9 | F35: 120.4 | G35: 113.8 | H35: 109.5 | I35: 115.5 | J35: 145.7 | K35: 109.5 | L35: 102.9 | M35: 109.8 | N35: 112.1 | O35: 116.8 | P35: 118.7 | Q35: 113.6 | R35: 115.8 | S35: 114 | T35: 115.5 | V35: 112.8 | W35: 112.1 | X35: 110.1 | Y35: 109.9 | Z35: 109.2 | AA35: 111.6 | AB35: 108.1 | AC35: 110.1 | AD35: 115.5 | AE35: =A35&"|"&B35&"|"&C35 -> Rural|2013|December
A36: Urban | B36: 2013 | C36: December | D36: 120.5 | E36: 118.1 | F36: 128.5 | G36: 112.8 | H36: 103.4 | I36: 110.7 | J36: 144.8 | K36: 107.1 | L36: 98.6 | M36: 111.9 | N36: 112.1 | O36: 118.1 | P36: 117.8 | Q36: 115 | R36: 114.2 | S36: 110.9 | T36: 113.7 | U36: 110.7 | V36: 110.4 | W36: 111.3 | X36: 109 | Y36: 109.7 | Z36: 108.9 | AA36: 111.4 | AB36: 107.7 | AC36: 109.8 | AD36: 113.3 | AE36: =A36&"|"&B36&"|"&C36 -> Urban|2013|December
A37: Rural+Urban | B37: 2013 | C37: December | D37: 119.1 | E37: 116.7 | F37: 123.5 | G37: 113.4 | H37: 107.3 | I37: 113.3 | J37: 145.4 | K37: 108.7 | L37: 101.5 | M37: 110.5 | N37: 112.1 | O37: 117.4 | P37: 118.4 | Q37: 114 | R37: 115.2 | S37: 112.7 | T37: 114.8 | U37: 110.7 | V37: 111.9 | W37: 111.7 | X37: 109.7 | Y37: 109.8 | Z37: 109 | AA37: 111.5 | AB37: 107.9 | AC37: 110 | AD37: 114.5 | AE37: =A37&"|"&B37&"|"&C37 -> Rural+Urban|2013|December
A38: Rural | B38: 2014 | C38: January | D38: 118.9 | E38: 117.1 | F38: 120.5 | G38: 114.4 | H38: 109 | I38: 115.5 | J38: 123.9 | K38: 109.6 | L38: 101.8 | M38: 110.2 | N38: 112.4 | O38: 117.3 | P38: 116 | Q38: 114 | R38: 116.5 | S38: 114.5 | T38: 116.2 | V38: 113 | W38: 112.6 | X38: 110.6 | Y38: 110.5 | Z38: 109.6 | AA38: 111.8 | AB38: 108.3 | AC38: 110.6 | AD38: 114.2 | AE38: =A38&"|"&B38&"|"&C38 -> Rural|2014|January
A39: Urban | B39: 2014 | C39: January | D39: 121.2 | E39: 122 | F39: 129.9 | G39: 113.6 | H39: 102.9 | I39: 112.1 | J39: 118.9 | K39: 107.5 | L39: 96.9 | M39: 112.7 | N39: 112.1 | O39: 119 | P39: 115.5 | Q39: 115.7 | R39: 114.8 | S39: 111.3 | T39: 114.3 | U39: 111.6 | V39: 111 | W39: 111.9 | X39: 109.7 | Y39: 110.8 | Z39: 109.8 | AA39: 111.5 | AB39: 108 | AC39: 110.5 | AD39: 112.9 | AE39: =A39&"|"&B39&"|"&C39 -> Urban|2014|January
A40: Rural+Urban | B40: 2014 | C40: January | D40: 119.6 | E40: 118.8 | F40: 124.1 | G40: 114.1 | H40: 106.8 | I40: 113.9 | J40: 122.2 | K40: 108.9 | L40: 100.2 | M40: 111 | N40: 112.3 | O40: 118.1 | P40: 115.8 | Q40: 114.5 | R40: 115.8 | S40: 113.2 | T40: 115.4 | U40: 111.6 | V40: 112.2 | W40: 112.3 | X40: 110.3 | Y40: 110.7 | Z40: 109.7 | AA40: 111.6 | AB40: 108.2 | AC40: 110.6 | AD40: 113.6 | AE40: =A40&"|"&B40&"|"&C40 -> Rural+Urban|2014|January
A41: Rural | B41: 2014 | C41: February | D41: 119.4 | E41: 117.7 | F41: 121.2 | G41: 115 | H41: 109 | I41: 116.6 | J41: 116 | K41: 109.8 | L41: 101.1 | M41: 110.4 | N41: 112.9 | O41: 117.8 | P41: 115.3 | Q41: 114.2 | R41: 117.1 | S41: 114.5 | T41: 116.7 | V41: 113.2 | W41: 112.9 | X41: 110.9 | Y41: 110.8 | Z41: 109.9 | AA41: 112 | AB41: 108.7 | AC41: 110.9 | AD41: 114 | AE41: =A41&"|"&B41&"|"&C41 -> Rural|2014|February
A42: Urban | B42: 2014 | C42: February | D42: 121.9 | E42: 122 | F42: 124.5 | G42: 115.2 | H42: 102.5 | I42: 114.1 | J42: 111.5 | K42: 108.2 | L42: 95.4 | M42: 113.5 | N42: 112.1 | O42: 119.9 | P42: 115.2 | Q42: 116.2 | R42: 115.3 | S42: 111.7 | T42: 114.7 | U42: 112.5 | V42: 111.1 | W42: 112.6 | X42: 110.4 | Y42: 111.3 | Z42: 110.3 | AA42: 111.6 | AB42: 108.7 | AC42: 111 | AD42: 113.1 | AE42: =A42&"|"&B42&"|"&C42 -> Urban|2014|February
A43: Rural+Urban | B43: 2014 | C43: February | D43: 120.2 | E43: 119.2 | F43: 122.5 | G43: 115.1 | H43: 106.6 | I43: 115.4 | J43: 114.5 | K43: 109.3 | L43: 99.2 | M43: 111.4 | N43: 112.6 | O43: 118.8 | P43: 115.3 | Q43: 114.7 | R43: 116.4 | S43: 113.3 | T43: 115.9 | U43: 112.5 | V43: 112.4 | W43: 112.8 | X43: 110.7 | Y43: 111.1 | Z43: 110.1 | AA43: 111.8 | AB43: 108.7 | AC43: 110.9 | AD43: 113.6 | AE43: =A43&"|"&B43&"|"&C43 -> Rural+Urban|2014|February
A44: Rural | B44: 2014 | C44: March | D44: 120.1 | E44: 118.1 | F44: 120.7 | G44: 116.1 | H44: 109.3 | I44: 119.6 | J44: 117.9 | K44: 110.2 | L44: 101.2 | M44: 110.7 | N44: 113 | O44: 118.3 | P44: 116.2 | Q44: 114.6 | R44: 117.5 | S44: 114.9 | T44: 117.2 | V44: 113.4 | W44: 113.4 | X44: 111.4 | Y44: 111.2 | Z44: 110.2 | AA44: 112.4 | AB44: 108.9 | AC44: 111.3 | AD44: 114.6 | AE44: =A44&"|"&B44&"|"&C44 -> Rural|2014|March
A45: Urban | B45: 2014 | C45: March | D45: 122.1 | E45: 121.4 | F45: 121.5 | G45: 116.2 | H45: 102.8 | I45: 117.7 | J45: 113.3 | K45: 108.9 | L45: 96.3 | M45: 114.1 | N45: 112.2 | O45: 120.5 | P45: 116 | Q45: 116.7 | R45: 115.8 | S45: 112.1 | T45: 115.2 | U45: 113.2 | V45: 110.9 | W45: 113 | X45: 110.8 | Y45: 111.6 | Z45: 110.9 | AA45: 111.8 | AB45: 109.2 | AC45: 111.4 | AD45: 113.7 | AE45: =A45&"|"&B45&"|"&C45 -> Urban|2014|March
A46: Rural+Urban | B46: 2014 | C46: March | D46: 120.7 | E46: 119.3 | F46: 121 | G46: 116.1 | H46: 106.9 | I46: 118.7 | J46: 116.3 | K46: 109.8 | L46: 99.6 | M46: 111.8 | N46: 112.7 | O46: 119.3 | P46: 116.1 | Q46: 115.2 | R46: 116.8 | S46: 113.7 | T46: 116.4 | U46: 113.2 | V46: 112.5 | W46: 113.2 | X46: 111.2 | Y46: 111.4 | Z46: 110.6 | AA46: 112 | AB46: 109 | AC46: 111.3 | AD46: 114.2 | AE46: =A46&"|"&B46&"|"&C46 -> Rural+Urban|2014|March
A47: Rural | B47: 2014 | C47: April | D47: 120.2 | E47: 118.9 | F47: 118.1 | G47: 117 | H47: 109.7 | I47: 125.5 | J47: 120.5 | K47: 111 | L47: 102.6 | M47: 111.2 | N47: 113.5 | O47: 118.7 | P47: 117.2 | Q47: 115.4 | R47: 118.1 | S47: 116.1 | T47: 117.8 | V47: 113.4 | W47: 113.7 | X47: 111.8 | Y47: 111.2 | Z47: 110.5 | AA47: 113 | AB47: 108.9 | AC47: 111.5 | AD47: 115.4 | AE47: =A47&"|"&B47&"|"&C47 -> Rural|2014|April
A48: Urban | B48: 2014 | C48: April | D48: 122.5 | E48: 121.7 | F48: 113.3 | G48: 117 | H48: 103.1 | I48: 126.7 | J48: 121.2 | K48: 111 | L48: 100.3 | M48: 115.3 | N48: 112.7 | O48: 121 | P48: 118.2 | Q48: 117.6 | R48: 116.3 | S48: 112.5 | T48: 115.7 | U48: 113.9 | V48: 110.9 | W48: 113.4 | X48: 111 | Y48: 111.2 | Z48: 111.2 | AA48: 112.5 | AB48: 109.1 | AC48: 111.4 | AD48: 114.7 | AE48: =A48&"|"&B48&"|"&C48 -> Urban|2014|April
A49: Rural+Urban | B49: 2014 | C49: April | D49: 120.9 | E49: 119.9 | F49: 116.2 | G49: 117 | H49: 107.3 | I49: 126.1 | J49: 120.7 | K49: 111 | L49: 101.8 | M49: 112.6 | N49: 113.2 | O49: 119.8 | P49: 117.6 | Q49: 116 | R49: 117.4 | S49: 114.6 | T49: 117 | U49: 113.9 | V49: 112.5 | W49: 113.6 | X49: 111.5 | Y49: 111.2 | Z49: 110.9 | AA49: 112.7 | AB49: 109 | AC49: 111.5 | AD49: 115.1 | AE49: =A49&"|"&B49&"|"&C49 -> Rural+Urban|2014|April
A50: Rural | B50: 2014 | C50: May | D50: 120.3 | E50: 120.2 | F50: 116.9 | G50: 118 | H50: 110.1 | I50: 126.3 | J50: 123.9 | K50: 111.5 | L50: 103.5 | M50: 111.6 | N50: 114.2 | O50: 119.2 | P50: 118.2 | Q50: 116.3 | R50: 118.7 | S50: 116.8 | T50: 118.5 | V50: 113.4 | W50: 114.1 | X50: 112.1 | Y50: 111.4 | Z50: 110.9 | AA50: 113.1 | AB50: 108.9 | AC50: 111.8 | AD50: 116 | AE50: =A50&"|"&B50&"|"&C50 -> Rural|2014|May
A51: Urban | B51: 2014 | C51: May | D51: 122.7 | E51: 124.1 | F51: 114.2 | G51: 119.1 | H51: 103.5 | I51: 129.2 | J51: 127 | K51: 112.6 | L51: 101.3 | M51: 117 | N51: 112.9 | O51: 121.7 | P51: 120 | Q51: 118.3 | R51: 116.8 | S51: 112.9 | T51: 116.2 | U51: 114.3 | V51: 111.1 | W51: 114.1 | X51: 111.2 | Y51: 111.3 | Z51: 111.5 | AA51: 112.9 | AB51: 109.3 | AC51: 111.7 | AD51: 115.6 | AE51: =A51&"|"&B51&"|"&C51 -> Urban|2014|May
A52: Rural+Urban | B52: 2014 | C52: May | D52: 121.1 | E52: 121.6 | F52: 115.9 | G52: 118.4 | H52: 107.7 | I52: 127.7 | J52: 125 | K52: 111.9 | L52: 102.8 | M52: 113.4 | N52: 113.7 | O52: 120.4 | P52: 118.9 | Q52: 116.8 | R52: 118 | S52: 115.2 | T52: 117.6 | U52: 114.3 | V52: 112.5 | W52: 114.1 | X52: 111.8 | Y52: 111.3 | Z52: 111.2 | AA52: 113 | AB52: 109.1 | AC52: 111.8 | AD52: 115.8 | AE52: =A52&"|"&B52&"|"&C52 -> Rural+Urban|2014|May
A53: Rural | B53: 2014 | C53: June | D53: 120.7 | E53: 121.6 | F53: 116.1 | G53: 119.3 | H53: 110.3 | I53: 125.8 | J53: 129.3 | K53: 112.2 | L53: 103.6 | M53: 112.3 | N53: 114.9 | O53: 120.1 | P53: 119.5 | Q53: 117.3 | R53: 119.7 | S53: 117.3 | T53: 119.3 | V53: 114.4 | W53: 114.9 | X53: 112.8 | Y53: 112.2 | Z53: 111.4 | AA53: 114.3 | AB53: 108 | AC53: 112.3 | AD53: 117 | AE53: =A53&"|"&B53&"|"&C53 -> Rural|2014|June
A54: Urban | B54: 2014 | C54: June | D54: 123.1 | E54: 125.9 | F54: 115.4 | G54: 120.4 | H54: 103.4 | I54: 131.2 | J54: 137.5 | K54: 112.8 | L54: 101.4 | M54: 118.3 | N54: 113.2 | O54: 122.4 | P54: 122 | Q54: 119 | R54: 117.4 | S54: 113.2 | T54: 116.7 | U54: 113.9 | V54: 111.2 | W54: 114.3 | X54: 111.4 | Y54: 111.5 | Z54: 111.8 | AA54: 115.1 | AB54: 108.7 | AC54: 112.2 | AD54: 116.4 | AE54: =A54&"|"&B54&"|"&C54 -> Urban|2014|June
A55: Rural+Urban | B55: 2014 | C55: June | D55: 121.5 | E55: 123.1 | F55: 115.8 | G55: 119.7 | H55: 107.8 | I55: 128.3 | J55: 132.1 | K55: 112.4 | L55: 102.9 | M55: 114.3 | N55: 114.2 | O55: 121.2 | P55: 120.4 | Q55: 117.8 | R55: 118.8 | S55: 115.6 | T55: 118.3 | U55: 113.9 | V55: 113.2 | W55: 114.6 | X55: 112.3 | Y55: 111.8 | Z55: 111.6 | AA55: 114.8 | AB55: 108.3 | AC55: 112.3 | AD55: 116.7 | AE55: =A55&"|"&B55&"|"&C55 -> Rural+Urban|2014|June
A56: Rural | B56: 2014 | C56: July | D56: 121.7 | E56: 122.5 | F56: 117.7 | G56: 120.6 | H56: 110.4 | I56: 129.1 | J56: 150.1 | K56: 113.2 | L56: 104.8 | M56: 113.3 | N56: 115.6 | O56: 120.9 | P56: 123.3 | Q56: 118 | R56: 120.7 | S56: 118.3 | T56: 120.3 | V56: 115.3 | W56: 115.4 | X56: 113.4 | Y56: 113.2 | Z56: 111.8 | AA56: 115.5 | AB56: 108.8 | AC56: 113.1 | AD56: 119.5 | AE56: =A56&"|"&B56&"|"&C56 -> Rural|2014|July
A57: Urban | B57: 2014 | C57: July | D57: 123.8 | E57: 126.4 | F57: 118 | G57: 121.6 | H57: 103.5 | I57: 133.7 | J57: 172.4 | K57: 113.1 | L57: 102.7 | M57: 120 | N57: 113.8 | O57: 123.4 | P57: 127.1 | Q57: 121 | R57: 118 | S57: 113.6 | T57: 117.4 | U57: 114.8 | V57: 111.6 | W57: 114.9 | X57: 111.5 | Y57: 113 | Z57: 112.4 | AA57: 117.8 | AB57: 109.7 | AC57: 113.5 | AD57: 118.9 | AE57: =A57&"|"&B57&"|"&C57 -> Urban|2014|July
A58: Rural+Urban | B58: 2014 | C58: July | D58: 122.4 | E58: 123.9 | F58: 117.8 | G58: 121 | H58: 107.9 | I58: 131.2 | J58: 157.7 | K58: 113.2 | L58: 104.1 | M58: 115.5 | N58: 114.8 | O58: 122.1 | P58: 124.7 | Q58: 118.8 | R58: 119.6 | S58: 116.3 | T58: 119.1 | U58: 114.8 | V58: 113.9 | W58: 115.2 | X58: 112.7 | Y58: 113.1 | Z58: 112.1 | AA58: 116.8 | AB58: 109.2 | AC58: 113.3 | AD58: 119.2 | AE58: =A58&"|"&B58&"|"&C58 -> Rural+Urban|2014|July
A59: Rural | B59: 2014 | C59: August | D59: 121.8 | E59: 122.8 | F59: 117.8 | G59: 121.9 | H59: 110.6 | I59: 129.7 | J59: 161.1 | K59: 114.1 | L59: 105.1 | M59: 114.6 | N59: 115.8 | O59: 121.7 | P59: 125.3 | Q59: 118.8 | R59: 120.9 | S59: 118.8 | T59: 120.7 | V59: 115.4 | W59: 115.9 | X59: 114 | Y59: 113.2 | Z59: 112.2 | AA59: 116.2 | AB59: 109.4 | AC59: 113.5 | AD59: 120.7 | AE59: =A59&"|"&B59&"|"&C59 -> Rural|2014|August
A60: Urban | B60: 2014 | C60: August | D60: 124.8 | E60: 127.3 | F60: 116.5 | G60: 122.2 | H60: 103.6 | I60: 132.7 | J60: 181.9 | K60: 115.2 | L60: 102.7 | M60: 122.1 | N60: 114.4 | O60: 124.7 | P60: 128.9 | Q60: 123 | R60: 118.6 | S60: 114.1 | T60: 117.9 | U60: 115.5 | V60: 111.8 | W60: 115.3 | X60: 112.2 | Y60: 112.5 | Z60: 112.9 | AA60: 119.2 | AB60: 110.5 | AC60: 113.9 | AD60: 119.9 | AE60: =A60&"|"&B60&"|"&C60 -> Urban|2014|August
A61: Rural+Urban | B61: 2014 | C61: August | D61: 122.7 | E61: 124.4 | F61: 117.3 | G61: 122 | H61: 108 | I61: 131.1 | J61: 168.2 | K61: 114.5 | L61: 104.3 | M61: 117.1 | N61: 115.2 | O61: 123.1 | P61: 126.6 | Q61: 119.9 | R61: 120 | S61: 116.8 | T61: 119.6 | U61: 115.5 | V61: 114 | W61: 115.6 | X61: 113.3 | Y61: 112.8 | Z61: 112.6 | AA61: 118 | AB61: 109.9 | AC61: 113.7 | AD61: 120.3 | AE61: =A61&"|"&B61&"|"&C61 -> Rural+Urban|2014|August
A62: Rural | B62: 2014 | C62: September | D62: 122.3 | E62: 122.4 | F62: 117.8 | G62: 122.7 | H62: 110.4 | I62: 129.8 | J62: 158.8 | K62: 115 | L62: 104.7 | M62: 114.9 | N62: 116.5 | O62: 122.6 | P62: 125.3 | Q62: 119.5 | R62: 121.7 | S62: 119.2 | T62: 121.3 | V62: 115.8 | W62: 116.7 | X62: 114.5 | Y62: 112.8 | Z62: 112.6 | AA62: 116.6 | AB62: 109.1 | AC62: 113.7 | AD62: 120.9 | AE62: =A62&"|"&B62&"|"&C62 -> Rural|2014|September
A63: Urban | B63: 2014 | C63: September | D63: 124.2 | E63: 125.4 | F63: 116.4 | G63: 122.7 | H63: 103.5 | I63: 124.5 | J63: 168.6 | K63: 116.9 | L63: 101.9 | M63: 122.9 | N63: 114.8 | O63: 125.2 | P63: 126.7 | Q63: 124.3 | R63: 119.2 | S63: 114.5 | T63: 118.4 | U63: 116.1 | V63: 111.8 | W63: 115.5 | X63: 112.3 | Y63: 111.2 | Z63: 113.4 | AA63: 120 | AB63: 110 | AC63: 113.6 | AD63: 119.2 | AE63: =A63&"|"&B63&"|"&C63 -> Urban|2014|September
A64: Rural+Urban | B64: 2014 | C64: September | D64: 122.9 | E64: 123.5 | F64: 117.3 | G64: 122.7 | H64: 107.9 | I64: 127.3 | J64: 162.1 | K64: 115.6 | L64: 103.8 | M64: 117.6 | N64: 115.8 | O64: 123.8 | P64: 125.8 | Q64: 120.8 | R64: 120.7 | S64: 117.2 | T64: 120.1 | U64: 116.1 | V64: 114.3 | W64: 116.1 | X64: 113.7 | Y64: 112 | Z64: 113.1 | AA64: 118.6 | AB64: 109.5 | AC64: 113.7 | AD64: 120.1 | AE64: =A64&"|"&B64&"|"&C64 -> Rural+Urban|2014|September
A65: Rural | B65: 2014 | C65: October | D65: 122.6 | E65: 122.5 | F65: 118.3 | G65: 123.2 | H65: 110.5 | I65: 128.9 | J65: 155.3 | K65: 115.5 | L65: 104 | M65: 115.3 | N65: 116.8 | O65: 123.2 | P65: 125.1 | Q65: 120 | R65: 122.7 | S65: 120.3 | T65: 122.3 | V65: 116.4 | W65: 117.5 | X65: 115.3 | Y65: 112.6 | Z65: 113 | AA65: 116.9 | AB65: 109.3 | AC65: 114 | AD65: 121 | AE65: =A65&"|"&B65&"|"&C65 -> Rural|2014|October
A66: Urban | B66: 2014 | C66: October | D66: 124.6 | E66: 126.1 | F66: 117.8 | G66: 123.1 | H66: 103.5 | I66: 123.5 | J66: 159.6 | K66: 117.4 | L66: 101.2 | M66: 123.8 | N66: 115.2 | O66: 125.9 | P66: 125.8 | Q66: 124.3 | R66: 119.6 | S66: 114.9 | T66: 118.9 | U66: 116.7 | V66: 112 | W66: 115.8 | X66: 112.6 | Y66: 111 | Z66: 113.6 | AA66: 120.2 | AB66: 110.1 | AC66: 113.7 | AD66: 119.1 | AE66: =A66&"|"&B66&"|"&C66 -> Urban|2014|October
A67: Rural+Urban | B67: 2014 | C67: October | D67: 123.2 | E67: 123.8 | F67: 118.1 | G67: 123.2 | H67: 107.9 | I67: 126.4 | J67: 156.8 | K67: 116.1 | L67: 103.1 | M67: 118.1 | N67: 116.1 | O67: 124.5 | P67: 125.4 | Q67: 121.1 | R67: 121.5 | S67: 118.1 | T67: 121 | U67: 116.7 | V67: 114.7 | W67: 116.7 | X67: 114.3 | Y67: 111.8 | Z67: 113.3 | AA67: 118.8 | AB67: 109.6 | AC67: 113.9 | AD67: 120.1 | AE67: =A67&"|"&B67&"|"&C67 -> Rural+Urban|2014|October
A68: Rural | B68: 2014 | C68: November | D68: 122.7 | E68: 122.6 | F68: 119.9 | G68: 124 | H68: 110.5 | I68: 128.8 | J68: 152 | K68: 116.2 | L68: 103.3 | M68: 115.8 | N68: 116.8 | O68: 124.5 | P68: 124.9 | Q68: 120.8 | R68: 123.3 | S68: 120.5 | T68: 122.9 | V68: 117.3 | W68: 118.1 | X68: 115.9 | Y68: 112 | Z68: 113.3 | AA68: 117.2 | AB68: 108.8 | AC68: 114.1 | AD68: 121.1 | AE68: =A68&"|"&B68&"|"&C68 -> Rural|2014|November
A69: Urban | B69: 2014 | C69: November | D69: 124.5 | E69: 125.6 | F69: 122.7 | G69: 124.6 | H69: 103.2 | I69: 122.2 | J69: 153.2 | K69: 119.3 | L69: 99.8 | M69: 124.6 | N69: 115.8 | O69: 126.9 | P69: 125.4 | Q69: 125.8 | R69: 120.3 | S69: 115.4 | T69: 119.5 | U69: 117.1 | V69: 112.6 | W69: 116.4 | X69: 113 | Y69: 109.7 | Z69: 114 | AA69: 120.3 | AB69: 109.6 | AC69: 113.4 | AD69: 119 | AE69: =A69&"|"&B69&"|"&C69 -> Urban|2014|November
A70: Rural+Urban | B70: 2014 | C70: November | D70: 123.3 | E70: 123.7 | F70: 121 | G70: 124.2 | H70: 107.8 | I70: 125.7 | J70: 152.4 | K70: 117.2 | L70: 102.1 | M70: 118.7 | N70: 116.4 | O70: 125.6 | P70: 125.1 | Q70: 122.1 | R70: 122.1 | S70: 118.4 | T70: 121.6 | U70: 117.1 | V70: 115.5 | W70: 117.3 | X70: 114.8 | Y70: 110.8 | Z70: 113.7 | AA70: 119 | AB70: 109.1 | AC70: 113.8 | AD70: 120.1 | AE70: =A70&"|"&B70&"|"&C70 -> Rural+Urban|2014|November
A71: Rural | B71: 2014 | C71: December | D71: 122.4 | E71: 122.4 | F71: 121.8 | G71: 124.2 | H71: 110.2 | I71: 128.6 | J71: 140.3 | K71: 116.3 | L71: 102 | M71: 116 | N71: 117.3 | O71: 124.8 | P71: 123.3 | Q71: 121.7 | R71: 123.8 | S71: 120.6 | T71: 123.3 | V71: 117.4 | W71: 118.2 | X71: 116.2 | Y71: 111.5 | Z71: 113.3 | AA71: 117.7 | AB71: 109.4 | AC71: 114.2 | AD71: 120.3 | AE71: =A71&"|"&B71&"|"&C71 -> Rural|2014|December
A72: Urban | B72: 2014 | C72: December | D72: 124 | E72: 124.7 | F72: 126.3 | G72: 124.9 | H72: 103 | I72: 122.3 | J72: 141 | K72: 120.1 | L72: 97.8 | M72: 125.4 | N72: 116.1 | O72: 127.6 | P72: 124 | Q72: 126.4 | R72: 120.7 | S72: 115.8 | T72: 120 | U72: 116.5 | V72: 113 | W72: 116.8 | X72: 113.2 | Y72: 108.8 | Z72: 114.3 | AA72: 120.7 | AB72: 110.4 | AC72: 113.4 | AD72: 118.4 | AE72: =A72&"|"&B72&"|"&C72 -> Urban|2014|December
A73: Rural+Urban | B73: 2014 | C73: December | D73: 122.9 | E73: 123.2 | F73: 123.5 | G73: 124.5 | H73: 107.6 | I73: 125.7 | J73: 140.5 | K73: 117.6 | L73: 100.6 | M73: 119.1 | N73: 116.8 | O73: 126.1 | P73: 123.6 | Q73: 123 | R73: 122.6 | S73: 118.6 | T73: 122 | U73: 116.5 | V73: 115.7 | W73: 117.5 | X73: 115.1 | Y73: 110.1 | Z73: 113.9 | AA73: 119.5 | AB73: 109.8 | AC73: 113.8 | AD73: 119.4 | AE73: =A73&"|"&B73&"|"&C73 -> Rural+Urban|2014|December
A74: Rural | B74: 2015 | C74: January | D74: 123.1 | E74: 123.1 | F74: 122.1 | G74: 124.9 | H74: 111 | I74: 130.4 | J74: 132.3 | K74: 117.2 | L74: 100.5 | M74: 117.2 | N74: 117.9 | O74: 125.6 | P74: 122.8 | Q74: 122.7 | R74: 124.4 | S74: 121.6 | T74: 124 | V74: 118.4 | W74: 118.9 | X74: 116.6 | Y74: 111 | Z74: 114 | AA74: 118.2 | AB74: 110.2 | AC74: 114.5 | AD74: 120.3 | AE74: =A74&"|"&B74&"|"&C74 -> Rural|2015|January
A75: Urban | B75: 2015 | C75: January | D75: 124 | E75: 125.5 | F75: 126.6 | G75: 125.2 | H75: 104.3 | I75: 121.3 | J75: 134.4 | K75: 122.9 | L75: 96.1 | M75: 126.6 | N75: 116.5 | O75: 128 | P75: 123.5 | Q75: 127.4 | R75: 121 | S75: 116.1 | T75: 120.2 | U75: 117.3 | V75: 113.4 | W75: 117.2 | X75: 113.7 | Y75: 107.9 | Z75: 114.6 | AA75: 120.8 | AB75: 111.4 | AC75: 113.4 | AD75: 118.5 | AE75: =A75&"|"&B75&"|"&C75 -> Urban|2015|January
A76: Rural+Urban | B76: 2015 | C76: January | D76: 123.4 | E76: 123.9 | F76: 123.8 | G76: 125 | H76: 108.5 | I76: 126.2 | J76: 133 | K76: 119.1 | L76: 99 | M76: 120.3 | N76: 117.3 | O76: 126.7 | P76: 123.1 | Q76: 124 | R76: 123.1 | S76: 119.3 | T76: 122.5 | U76: 117.3 | V76: 116.5 | W76: 118.1 | X76: 115.5 | Y76: 109.4 | Z76: 114.3 | AA76: 119.7 | AB76: 110.7 | AC76: 114 | AD76: 119.5 | AE76: =A76&"|"&B76&"|"&C76 -> Rural+Urban|2015|January
A77: Rural | B77: 2015 | C77: February | D77: 123.4 | E77: 124.4 | F77: 122.1 | G77: 125.8 | H77: 111.5 | I77: 129.4 | J77: 128.2 | K77: 118.8 | L77: 100 | M77: 118.6 | N77: 118.8 | O77: 126.8 | P77: 122.8 | Q77: 124.2 | R77: 125.4 | S77: 122.7 | T77: 125 | V77: 120 | W77: 119.6 | X77: 117.7 | Y77: 110.9 | Z77: 114.8 | AA77: 118.7 | AB77: 110.8 | AC77: 115 | AD77: 120.6 | AE77: =A77&"|"&B77&"|"&C77 -> Rural|2015|February
A78: Urban | B78: 2015 | C78: February | D78: 124.3 | E78: 126.5 | F78: 119.5 | G78: 125.6 | H78: 104.9 | I78: 121.6 | J78: 131.8 | K78: 125.1 | L78: 95 | M78: 127.7 | N78: 116.8 | O78: 128.6 | P78: 123.7 | Q78: 128.1 | R78: 121.3 | S78: 116.5 | T78: 120.6 | U78: 118.1 | V78: 114 | W78: 117.7 | X78: 114.1 | Y78: 106.8 | Z78: 114.9 | AA78: 120.4 | AB78: 111.7 | AC78: 113.2 | AD78: 118.7 | AE78: =A78&"|"&B78&"|"&C78 -> Urban|2015|February
A79: Rural+Urban | B79: 2015 | C79: February | D79: 123.7 | E79: 125.1 | F79: 121.1 | G79: 125.7 | H79: 109.1 | I79: 125.8 | J79: 129.4 | K79: 120.9 | L79: 98.3 | M79: 121.6 | N79: 118 | O79: 127.6 | P79: 123.1 | Q79: 125.2 | R79: 123.8 | S79: 120.1 | T79: 123.3 | U79: 118.1 | V79: 117.7 | W79: 118.7 | X79: 116.3 | Y79: 108.7 | Z79: 114.9 | AA79: 119.7 | AB79: 111.2 | AC79: 114.1 | AD79: 119.7 | AE79: =A79&"|"&B79&"|"&C79 -> Rural+Urban|2015|February
A80: Rural | B80: 2015 | C80: March | D80: 123.3 | E80: 124.7 | F80: 118.9 | G80: 126 | H80: 111.8 | I80: 130.9 | J80: 128 | K80: 119.9 | L80: 98.9 | M80: 119.4 | N80: 118.9 | O80: 127.7 | P80: 123.1 | Q80: 124.7 | R80: 126 | S80: 122.9 | T80: 125.5 | V80: 120.6 | W80: 120.2 | X80: 118.2 | Y80: 111.6 | Z80: 115.5 | AA80: 119.4 | AB80: 110.8 | AC80: 115.5 | AD80: 121.1 | AE80: =A80&"|"&B80&"|"&C80 -> Rural|2015|March
A81: Urban | B81: 2015 | C81: March | D81: 124 | E81: 126.7 | F81: 113.5 | G81: 125.9 | H81: 104.8 | I81: 123.8 | J81: 131.4 | K81: 127.2 | L81: 93.2 | M81: 127.4 | N81: 117 | O81: 129.2 | P81: 123.9 | Q81: 128.8 | R81: 121.7 | S81: 116.9 | T81: 120.9 | U81: 118.6 | V81: 114.4 | W81: 118 | X81: 114.3 | Y81: 108.4 | Z81: 115.4 | AA81: 120.6 | AB81: 111.3 | AC81: 113.8 | AD81: 119.1 | AE81: =A81&"|"&B81&"|"&C81 -> Urban|2015|March
A82: Rural+Urban | B82: 2015 | C82: March | D82: 123.5 | E82: 125.4 | F82: 116.8 | G82: 126 | H82: 109.2 | I82: 127.6 | J82: 129.2 | K82: 122.4 | L82: 97 | M82: 122.1 | N82: 118.1 | O82: 128.4 | P82: 123.4 | Q82: 125.8 | R82: 124.3 | S82: 120.4 | T82: 123.7 | U82: 118.6 | V82: 118.3 | W82: 119.2 | X82: 116.7 | Y82: 109.9 | Z82: 115.4 | AA82: 120.1 | AB82: 111 | AC82: 114.7 | AD82: 120.2 | AE82: =A82&"|"&B82&"|"&C82 -> Rural+Urban|2015|March
A83: Rural | B83: 2015 | C83: April | D83: 123.3 | E83: 125.5 | F83: 117.2 | G83: 126.8 | H83: 111.9 | I83: 134.2 | J83: 127.5 | K83: 121.5 | L83: 97.8 | M83: 119.8 | N83: 119.4 | O83: 128.7 | P83: 123.6 | Q83: 125.7 | R83: 126.4 | S83: 123.3 | T83: 126 | V83: 121.2 | W83: 120.9 | X83: 118.6 | Y83: 111.9 | Z83: 116.2 | AA83: 119.9 | AB83: 111.6 | AC83: 116 | AD83: 121.5 | AE83: =A83&"|"&B83&"|"&C83 -> Rural|2015|April
A84: Urban | B84: 2015 | C84: April | D84: 123.8 | E84: 128.2 | F84: 110 | G84: 126.3 | H84: 104.5 | I84: 130.6 | J84: 130.8 | K84: 131.3 | L84: 91.6 | M84: 127.7 | N84: 117.2 | O84: 129.5 | P84: 124.6 | Q84: 130.1 | R84: 122.1 | S84: 117.2 | T84: 121.3 | U84: 119.2 | V84: 114.7 | W84: 118.4 | X84: 114.6 | Y84: 108.4 | Z84: 115.6 | AA84: 121.7 | AB84: 111.8 | AC84: 114.2 | AD84: 119.7 | AE84: =A84&"|"&B84&"|"&C84 -> Urban|2015|April
A85: Rural+Urban | B85: 2015 | C85: April | D85: 123.5 | E85: 126.4 | F85: 114.4 | G85: 126.6 | H85: 109.2 | I85: 132.5 | J85: 128.6 | K85: 124.8 | L85: 95.7 | M85: 122.4 | N85: 118.5 | O85: 129.1 | P85: 124 | Q85: 126.9 | R85: 124.7 | S85: 120.8 | T85: 124.1 | U85: 119.2 | V85: 118.7 | W85: 119.7 | X85: 117.1 | Y85: 110.1 | Z85: 115.9 | AA85: 121 | AB85: 111.7 | AC85: 115.1 | AD85: 120.7 | AE85: =A85&"|"&B85&"|"&C85 -> Rural+Urban|2015|April
A86: Rural | B86: 2015 | C86: May | D86: 123.5 | E86: 127.1 | F86: 117.3 | G86: 127.7 | H86: 112.5 | I86: 134.1 | J86: 128.5 | K86: 124.3 | L86: 97.6 | M86: 120.7 | N86: 120.2 | O86: 129.8 | P86: 124.4 | Q86: 126.7 | R86: 127.3 | S86: 124.1 | T86: 126.8 | V86: 121.9 | W86: 121.5 | X86: 119.4 | Y86: 113.3 | Z86: 116.7 | AA86: 120.5 | AB86: 112.3 | AC86: 116.9 | AD86: 122.4 | AE86: =A86&"|"&B86&"|"&C86 -> Rural|2015|May
A87: Urban | B87: 2015 | C87: May | D87: 123.8 | E87: 129.7 | F87: 111.3 | G87: 126.6 | H87: 105.2 | I87: 130.8 | J87: 135.6 | K87: 142.6 | L87: 90.8 | M87: 128.8 | N87: 117.7 | O87: 129.9 | P87: 126.1 | Q87: 131.3 | R87: 122.4 | S87: 117.4 | T87: 121.6 | U87: 119.6 | V87: 114.9 | W87: 118.7 | X87: 114.9 | Y87: 110.8 | Z87: 116 | AA87: 122 | AB87: 112.4 | AC87: 115.2 | AD87: 120.7 | AE87: =A87&"|"&B87&"|"&C87 -> Urban|2015|May
A88: Rural+Urban | B88: 2015 | C88: May | D88: 123.6 | E88: 128 | F88: 115 | G88: 127.3 | H88: 109.8 | I88: 132.6 | J88: 130.9 | K88: 130.5 | L88: 95.3 | M88: 123.4 | N88: 119.2 | O88: 129.8 | P88: 125 | Q88: 127.9 | R88: 125.4 | S88: 121.3 | T88: 124.7 | U88: 119.6 | V88: 119.2 | W88: 120.2 | X88: 117.7 | Y88: 112 | Z88: 116.3 | AA88: 121.4 | AB88: 112.3 | AC88: 116.1 | AD88: 121.6 | AE88: =A88&"|"&B88&"|"&C88 -> Rural+Urban|2015|May
A89: Rural | B89: 2015 | C89: June | D89: 124.1 | E89: 130.4 | F89: 122.1 | G89: 128.7 | H89: 114.1 | I89: 133.2 | J89: 135.2 | K89: 131.9 | L89: 96.3 | M89: 123 | N89: 121.1 | O89: 131.2 | P89: 126.6 | Q89: 128.2 | R89: 128.4 | S89: 125.1 | T89: 128 | V89: 122.6 | W89: 122.8 | X89: 120.4 | Y89: 114.2 | Z89: 117.9 | AA89: 122 | AB89: 113 | AC89: 117.9 | AD89: 124.1 | AE89: =A89&"|"&B89&"|"&C89 -> Rural|2015|June
A90: Urban | B90: 2015 | C90: June | D90: 123.6 | E90: 134.4 | F90: 120.9 | G90: 127.3 | H90: 106 | I90: 132.3 | J90: 146.7 | K90: 148.1 | L90: 89.8 | M90: 130.5 | N90: 118 | O90: 130.5 | P90: 128.5 | Q90: 132.1 | R90: 123.2 | S90: 117.6 | T90: 122.3 | U90: 119 | V90: 115.1 | W90: 119.2 | X90: 115.4 | Y90: 111.7 | Z90: 116.2 | AA90: 123.8 | AB90: 112.5 | AC90: 116 | AD90: 121.7 | AE90: =A90&"|"&B90&"|"&C90 -> Urban|2015|June
A91: Rural+Urban | B91: 2015 | C91: June | D91: 123.9 | E91: 131.8 | F91: 121.6 | G91: 128.2 | H91: 111.1 | I91: 132.8 | J91: 139.1 | K91: 137.4 | L91: 94.1 | M91: 125.5 | N91: 119.8 | O91: 130.9 | P91: 127.3 | Q91: 129.2 | R91: 126.4 | S91: 122 | T91: 125.7 | U91: 119 | V91: 119.8 | W91: 121.1 | X91: 118.5 | Y91: 112.9 | Z91: 116.9 | AA91: 123.1 | AB91: 112.8 | AC91: 117 | AD91: 123 | AE91: =A91&"|"&B91&"|"&C91 -> Rural+Urban|2015|June
A92: Rural | B92: 2015 | C92: July | D92: 124 | E92: 131.5 | F92: 122 | G92: 128.7 | H92: 113.5 | I92: 133.3 | J92: 140.8 | K92: 133.8 | L92: 94.1 | M92: 123.4 | N92: 121 | O92: 131.7 | P92: 127.5 | Q92: 129.4 | R92: 128.8 | S92: 125.5 | T92: 128.3 | V92: 123 | W92: 123 | X92: 120.8 | Y92: 114.1 | Z92: 118 | AA92: 122.9 | AB92: 112.7 | AC92: 118.1 | AD92: 124.7 | AE92: =A92&"|"&B92&"|"&C92 -> Rural|2015|July
A93: Urban | B93: 2015 | C93: July | D93: 123.2 | E93: 134.3 | F93: 119.5 | G93: 127.7 | H93: 106.3 | I93: 132.8 | J93: 153.5 | K93: 149.5 | L93: 85.7 | M93: 131.5 | N93: 118.3 | O93: 131.1 | P93: 129.5 | Q93: 133.1 | R93: 123.5 | S93: 117.9 | T93: 122.7 | U93: 119.9 | V93: 115.3 | W93: 119.5 | X93: 116 | Y93: 111.5 | Z93: 116.6 | AA93: 125.4 | AB93: 111.7 | AC93: 116.3 | AD93: 122.4 | AE93: =A93&"|"&B93&"|"&C93 -> Urban|2015|July
A94: Rural+Urban | B94: 2015 | C94: July | D94: 123.7 | E94: 132.5 | F94: 121 | G94: 128.3 | H94: 110.9 | I94: 133.1 | J94: 145.1 | K94: 139.1 | L94: 91.3 | M94: 126.1 | N94: 119.9 | O94: 131.4 | P94: 128.2 | Q94: 130.4 | R94: 126.7 | S94: 122.3 | T94: 126.1 | U94: 119.9 | V94: 120.1 | W94: 121.3 | X94: 119 | Y94: 112.7 | Z94: 117.2 | AA94: 124.4 | AB94: 112.3 | AC94: 117.2 | AD94: 123.6 | AE94: =A94&"|"&B94&"|"&C94 -> Rural+Urban|2015|July
A95: Rural | B95: 2015 | C95: August | D95: 124.7 | E95: 131.3 | F95: 121.3 | G95: 128.8 | H95: 114 | I95: 134.2 | J95: 153.6 | K95: 137.9 | L95: 93.1 | M95: 123.9 | N95: 121.5 | O95: 132.5 | P95: 129.8 | Q95: 130.1 | R95: 129.5 | S95: 126.3 | T95: 129 | V95: 123.8 | W95: 123.7 | X95: 121.1 | Y95: 113.6 | Z95: 118.5 | AA95: 123.6 | AB95: 112.5 | AC95: 118.2 | AD95: 126.1 | AE95: =A95&"|"&B95&"|"&C95 -> Rural|2015|August
A96: Urban | B96: 2015 | C96: August | D96: 123.1 | E96: 131.7 | F96: 118.1 | G96: 128 | H96: 106.8 | I96: 130.1 | J96: 165.5 | K96: 156 | L96: 85.3 | M96: 132.7 | N96: 118.8 | O96: 131.7 | P96: 131.1 | Q96: 134.2 | R96: 123.7 | S96: 118.2 | T96: 122.9 | U96: 120.9 | V96: 115.3 | W96: 120 | X96: 116.6 | Y96: 109.9 | Z96: 117.2 | AA96: 126.2 | AB96: 112 | AC96: 116.2 | AD96: 123.2 | AE96: =A96&"|"&B96&"|"&C96 -> Urban|2015|August
A97: Rural+Urban | B97: 2015 | C97: August | D97: 124.2 | E97: 131.4 | F97: 120.1 | G97: 128.5 | H97: 111.4 | I97: 132.3 | J97: 157.6 | K97: 144 | L97: 90.5 | M97: 126.8 | N97: 120.4 | O97: 132.1 | P97: 130.3 | Q97: 131.2 | R97: 127.2 | S97: 122.9 | T97: 126.6 | U97: 120.9 | V97: 120.6 | W97: 122 | X97: 119.4 | Y97: 111.7 | Z97: 117.8 | AA97: 125.1 | AB97: 112.3 | AC97: 117.2 | AD97: 124.8 | AE97: =A97&"|"&B97&"|"&C97 -> Rural+Urban|2015|August
A98: Rural | B98: 2015 | C98: September | D98: 125.1 | E98: 131.1 | F98: 120.7 | G98: 129.2 | H98: 114.7 | I98: 132.3 | J98: 158.9 | K98: 142.1 | L98: 92.5 | M98: 125.4 | N98: 121.9 | O98: 132.7 | P98: 131 | Q98: 131 | R98: 130.4 | S98: 126.8 | T98: 129.9 | V98: 123.7 | W98: 124.5 | X98: 121.4 | Y98: 113.8 | Z98: 119.6 | AA98: 124.5 | AB98: 113.7 | AC98: 118.8 | AD98: 127 | AE98: =A98&"|"&B98&"|"&C98 -> Rural|2015|September
A99: Urban | B99: 2015 | C99: September | D99: 123.4 | E99: 129 | F99: 115.6 | G99: 128.3 | H99: 107 | I99: 124 | J99: 168.5 | K99: 165.4 | L99: 86.3 | M99: 134.4 | N99: 119.1 | O99: 132.3 | P99: 131.5 | Q99: 134.7 | R99: 124 | S99: 118.6 | T99: 123.2 | U99: 121.6 | V99: 115.1 | W99: 120.4 | X99: 117.1 | Y99: 109.1 | Z99: 117.3 | AA99: 126.5 | AB99: 112.9 | AC99: 116.2 | AD99: 123.5 | AE99: =A99&"|"&B99&"|"&C99 -> Urban|2015|September
A100: Rural+Urban | B100: 2015 | C100: September | D100: 124.6 | E100: 130.4 | F100: 118.7 | G100: 128.9 | H100: 111.9 | I100: 128.4 | J100: 162.2 | K100: 150 | L100: 90.4 | M100: 128.4 | N100: 120.7 | O100: 132.5 | P100: 131.2 | Q100: 132 | R100: 127.9 | S100: 123.4 | T100: 127.2 | U100: 121.6 | V100: 120.4 | W100: 122.6 | X100: 119.8 | Y100: 111.3 | Z100: 118.3 | AA100: 125.7 | AB100: 113.4 | AC100: 117.5 | AD100: 125.4 | AE100: =A100&"|"&B100&"|"&C100 -> Rural+Urban|2015|September
...

Sheet RU_Raw
A1: Rural+Urban index - raw (lookup from Data, NA stays blank)
A2: Row = every month Jan-2013..May-2023. Blank = value missing in source file.
A4: Year | B4: MonthNo | C4: Month | D4: Date | E4: Key | F4: Data row | G4: Cereals and products | H4: Meat and fish | I4: Egg | J4: Milk and products | K4: Oils and fats | L4: Fruits | M4: Vegetables | N4: Pulses and products | O4: Sugar and Confectionery | P4: Spices | Q4: Non-alcoholic beverages | R4: Prepared meals, snacks, sweets etc. | S4: Food and beverages | T4: Pan, tobacco and intoxicants | U4: Clothing | V4: Footwear | W4: Clothing and footwear | X4: Housing | Y4: Fuel and light | Z4: Household goods and services | AA4: Health | AB4: Transport and communication | AC4: Recreation and amusement | AD4: Education | AE4: Personal care and effects | AF4: Miscellaneous | AG4: General index
A5: 2013 | B5: 1 | C5: January | D5: =DATE(A5,B5,1) -> 41275 | E5: ="Rural+Urban|"&A5&"|"&C5 -> Rural+Urban|2013|January | F5: =IFERROR(MATCH(E5,Data!$AE$1:$AE$373,0),0) -> 4 | G5: =IF($F5=0,"",IF(ISNUMBER(INDEX(Data!D$1:D$373,$F5)),INDEX(Data!D$1:D$373,$F5),"")) -> 108.4 | H5: =IF($F5=0,"",IF(ISNUMBER(INDEX(Data!E$1:E$373,$F5)),INDEX(Data!E$1:E$373,$F5),"")) -> 107.3 | I5: =IF($F5=0,"",IF(ISNUMBER(INDEX(Data!F$1:F$373,$F5)),INDEX(Data!F$1:F$373,$F5),"")) -> 110 | J5: =IF($F5=0,"",IF(ISNUMBER(INDEX(Data!G$1:G$373,$F5)),INDEX(Data!G$1:G$373,$F5),"")) -> 104.4 | K5: =IF($F5=0,"",IF(ISNUMBER(INDEX(Data!H$1:H$373,$F5)),INDEX(Data!H$1:H$373,$F5),"")) -> 105.1 | L5: =IF($F5=0,"",IF(ISNUMBER(INDEX(Data!I$1:I$373,$F5)),INDEX(Data!I$1:I$373,$F5),"")) -> 103.2 | M5: =IF($F5=0,"",IF(ISNUMBER(INDEX(Data!J$1:J$373,$F5)),INDEX(Data!J$1:J$373,$F5),"")) -> 102.2 | N5: =IF($F5=0,"",IF(ISNUMBER(INDEX(Data!K$1:K$373,$F5)),INDEX(Data!K$1:K$373,$F5),"")) -> 106 | ... AG5: =IF($F5=0,"",IF(ISNUMBER(INDEX(Data!AD$1:AD$373,$F5)),INDEX(Data!AD$1:AD$373,$F5),"")) -> 104.6
A6: 2013 | B6: 2 | C6: February | D6: =DATE(A6,B6,1) -> 41306 | E6: ="Rural+Urban|"&A6&"|"&C6 -> Rural+Urban|2013|February | F6: =IFERROR(MATCH(E6,Data!$AE$1:$AE$373,0),0) -> 7 | G6: =IF($F6=0,"",IF(ISNUMBER(INDEX(Data!D$1:D$373,$F6)),INDEX(Data!D$1:D$373,$F6),"")) -> 110.4 | H6: =IF($F6=0,"",IF(ISNUMBER(INDEX(Data!E$1:E$373,$F6)),INDEX(Data!E$1:E$373,$F6),"")) -> 110.2 | I6: =IF($F6=0,"",IF(ISNUMBER(INDEX(Data!F$1:F$373,$F6)),INDEX(Data!F$1:F$373,$F6),"")) -> 112.8 | J6: =IF($F6=0,"",IF(ISNUMBER(INDEX(Data!G$1:G$373,$F6)),INDEX(Data!G$1:G$373,$F6),"")) -> 104.9 | K6: =IF($F6=0,"",IF(ISNUMBER(INDEX(Data!H$1:H$373,$F6)),INDEX(Data!H$1:H$373,$F6),"")) -> 105.5 | L6: =IF($F6=0,"",IF(ISNUMBER(INDEX(Data!I$1:I$373,$F6)),INDEX(Data!I$1:I$373,$F6),"")) -> 103.6 | M6: =IF($F6=0,"",IF(ISNUMBER(INDEX(Data!J$1:J$373,$F6)),INDEX(Data!J$1:J$373,$F6),"")) -> 103.2 | N6: =IF($F6=0,"",IF(ISNUMBER(INDEX(Data!K$1:K$373,$F6)),INDEX(Data!K$1:K$373,$F6),"")) -> 105.3 | ... AG6: =IF($F6=0,"",IF(ISNUMBER(INDEX(Data!AD$1:AD$373,$F6)),INDEX(Data!AD$1:AD$373,$F6),"")) -> 105.3
A7: 2013 | B7: 3 | C7: March | D7: =DATE(A7,B7,1) -> 41334 | E7: ="Rural+Urban|"&A7&"|"&C7 -> Rural+Urban|2013|March | F7: =IFERROR(MATCH(E7,Data!$AE$1:$AE$373,0),0) -> 10 | G7: =IF($F7=0,"",IF(ISNUMBER(INDEX(Data!D$1:D$373,$F7)),INDEX(Data!D$1:D$373,$F7),"")) -> 111.4 | H7: =IF($F7=0,"",IF(ISNUMBER(INDEX(Data!E$1:E$373,$F7)),INDEX(Data!E$1:E$373,$F7),"")) -> 109.7 | I7: =IF($F7=0,"",IF(ISNUMBER(INDEX(Data!F$1:F$373,$F7)),INDEX(Data!F$1:F$373,$F7),"")) -> 111.2 | J7: =IF($F7=0,"",IF(ISNUMBER(INDEX(Data!G$1:G$373,$F7)),INDEX(Data!G$1:G$373,$F7),"")) -> 105.1 | K7: =IF($F7=0,"",IF(ISNUMBER(INDEX(Data!H$1:H$373,$F7)),INDEX(Data!H$1:H$373,$F7),"")) -> 104.9 | L7: =IF($F7=0,"",IF(ISNUMBER(INDEX(Data!I$1:I$373,$F7)),INDEX(Data!I$1:I$373,$F7),"")) -> 105.3 | M7: =IF($F7=0,"",IF(ISNUMBER(INDEX(Data!J$1:J$373,$F7)),INDEX(Data!J$1:J$373,$F7),"")) -> 102.2 | N7: =IF($F7=0,"",IF(ISNUMBER(INDEX(Data!K$1:K$373,$F7)),INDEX(Data!K$1:K$373,$F7),"")) -> 105 | ... AG7: =IF($F7=0,"",IF(ISNUMBER(INDEX(Data!AD$1:AD$373,$F7)),INDEX(Data!AD$1:AD$373,$F7),"")) -> 105.5
A8: 2013 | B8: 4 | C8: April | D8: =DATE(A8,B8,1) -> 41365 | E8: ="Rural+Urban|"&A8&"|"&C8 -> Rural+Urban|2013|April | F8: =IFERROR(MATCH(E8,Data!$AE$1:$AE$373,0),0) -> 13 | G8: =IF($F8=0,"",IF(ISNUMBER(INDEX(Data!D$1:D$373,$F8)),INDEX(Data!D$1:D$373,$F8),"")) -> 111.6 | H8: =IF($F8=0,"",IF(ISNUMBER(INDEX(Data!E$1:E$373,$F8)),INDEX(Data!E$1:E$373,$F8),"")) -> 110.9 | I8: =IF($F8=0,"",IF(ISNUMBER(INDEX(Data!F$1:F$373,$F8)),INDEX(Data!F$1:F$373,$F8),"")) -> 106.6 | J8: =IF($F8=0,"",IF(ISNUMBER(INDEX(Data!G$1:G$373,$F8)),INDEX(Data!G$1:G$373,$F8),"")) -> 105.7 | K8: =IF($F8=0,"",IF(ISNUMBER(INDEX(Data!H$1:H$373,$F8)),INDEX(Data!H$1:H$373,$F8),"")) -> 104.4 | L8: =IF($F8=0,"",IF(ISNUMBER(INDEX(Data!I$1:I$373,$F8)),INDEX(Data!I$1:I$373,$F8),"")) -> 108.9 | M8: =IF($F8=0,"",IF(ISNUMBER(INDEX(Data!J$1:J$373,$F8)),INDEX(Data!J$1:J$373,$F8),"")) -> 105.5 | N8: =IF($F8=0,"",IF(ISNUMBER(INDEX(Data!K$1:K$373,$F8)),INDEX(Data!K$1:K$373,$F8),"")) -> 105.3 | ... AG8: =IF($F8=0,"",IF(ISNUMBER(INDEX(Data!AD$1:AD$373,$F8)),INDEX(Data!AD$1:AD$373,$F8),"")) -> 106.1
A9: 2013 | B9: 5 | C9: May | D9: =DATE(A9,B9,1) -> 41395 | E9: ="Rural+Urban|"&A9&"|"&C9 -> Rural+Urban|2013|May | F9: =IFERROR(MATCH(E9,Data!$AE$1:$AE$373,0),0) -> 16 | G9: =IF($F9=0,"",IF(ISNUMBER(INDEX(Data!D$1:D$373,$F9)),INDEX(Data!D$1:D$373,$F9),"")) -> 112.3 | H9: =IF($F9=0,"",IF(ISNUMBER(INDEX(Data!E$1:E$373,$F9)),INDEX(Data!E$1:E$373,$F9),"")) -> 111.3 | I9: =IF($F9=0,"",IF(ISNUMBER(INDEX(Data!F$1:F$373,$F9)),INDEX(Data!F$1:F$373,$F9),"")) -> 104.7 | J9: =IF($F9=0,"",IF(ISNUMBER(INDEX(Data!G$1:G$373,$F9)),INDEX(Data!G$1:G$373,$F9),"")) -> 106.8 | K9: =IF($F9=0,"",IF(ISNUMBER(INDEX(Data!H$1:H$373,$F9)),INDEX(Data!H$1:H$373,$F9),"")) -> 103.9 | L9: =IF($F9=0,"",IF(ISNUMBER(INDEX(Data!I$1:I$373,$F9)),INDEX(Data!I$1:I$373,$F9),"")) -> 109.3 | M9: =IF($F9=0,"",IF(ISNUMBER(INDEX(Data!J$1:J$373,$F9)),INDEX(Data!J$1:J$373,$F9),"")) -> 112.9 | N9: =IF($F9=0,"",IF(ISNUMBER(INDEX(Data!K$1:K$373,$F9)),INDEX(Data!K$1:K$373,$F9),"")) -> 105.8 | ... AG9: =IF($F9=0,"",IF(ISNUMBER(INDEX(Data!AD$1:AD$373,$F9)),INDEX(Data!AD$1:AD$373,$F9),"")) -> 106.9
A10: 2013 | B10: 6 | C10: June | D10: =DATE(A10,B10,1) -> 41426 | E10: ="Rural+Urban|"&A10&"|"&C10 -> Rural+Urban|2013|June | F10: =IFERROR(MATCH(E10,Data!$AE$1:$AE$373,0),0) -> 19 | G10: =IF($F10=0,"",IF(ISNUMBER(INDEX(Data!D$1:D$373,$F10)),INDEX(Data!D$1:D$373,$F10),"")) -> 113.8 | H10: =IF($F10=0,"",IF(ISNUMBER(INDEX(Data!E$1:E$373,$F10)),INDEX(Data!E$1:E$373,$F10),"")) -> 114.9 | I10: =IF($F10=0,"",IF(ISNUMBER(INDEX(Data!F$1:F$373,$F10)),INDEX(Data!F$1:F$373,$F10),"")) -> 109.8 | J10: =IF($F10=0,"",IF(ISNUMBER(INDEX(Data!G$1:G$373,$F10)),INDEX(Data!G$1:G$373,$F10),"")) -> 107.9 | K10: =IF($F10=0,"",IF(ISNUMBER(INDEX(Data!H$1:H$373,$F10)),INDEX(Data!H$1:H$373,$F10),"")) -> 104.2 | L10: =IF($F10=0,"",IF(ISNUMBER(INDEX(Data!I$1:I$373,$F10)),INDEX(Data!I$1:I$373,$F10),"")) -> 110.7 | M10: =IF($F10=0,"",IF(ISNUMBER(INDEX(Data!J$1:J$373,$F10)),INDEX(Data!J$1:J$373,$F10),"")) -> 126.7 | N10: =IF($F10=0,"",IF(ISNUMBER(INDEX(Data!K$1:K$373,$F10)),INDEX(Data!K$1:K$373,$F10),"")) -> 106.3 | ... AG10: =IF($F10=0,"",IF(ISNUMBER(INDEX(Data!AD$1:AD$373,$F10)),INDEX(Data!AD$1:AD$373,$F10),"")) -> 109.3
A11: 2013 | B11: 7 | C11: July | D11: =DATE(A11,B11,1) -> 41456 | E11: ="Rural+Urban|"&A11&"|"&C11 -> Rural+Urban|2013|July | F11: =IFERROR(MATCH(E11,Data!$AE$1:$AE$373,0),0) -> 22 | G11: =IF($F11=0,"",IF(ISNUMBER(INDEX(Data!D$1:D$373,$F11)),INDEX(Data!D$1:D$373,$F11),"")) -> 114.8 | H11: =IF($F11=0,"",IF(ISNUMBER(INDEX(Data!E$1:E$373,$F11)),INDEX(Data!E$1:E$373,$F11),"")) -> 116.4 | I11: =IF($F11=0,"",IF(ISNUMBER(INDEX(Data!F$1:F$373,$F11)),INDEX(Data!F$1:F$373,$F11),"")) -> 111.9 | J11: =IF($F11=0,"",IF(ISNUMBER(INDEX(Data!G$1:G$373,$F11)),INDEX(Data!G$1:G$373,$F11),"")) -> 108.9 | K11: =IF($F11=0,"",IF(ISNUMBER(INDEX(Data!H$1:H$373,$F11)),INDEX(Data!H$1:H$373,$F11),"")) -> 104.3 | L11: =IF($F11=0,"",IF(ISNUMBER(INDEX(Data!I$1:I$373,$F11)),INDEX(Data!I$1:I$373,$F11),"")) -> 111.7 | M11: =IF($F11=0,"",IF(ISNUMBER(INDEX(Data!J$1:J$373,$F11)),INDEX(Data!J$1:J$373,$F11),"")) -> 140 | N11: =IF($F11=0,"",IF(ISNUMBER(INDEX(Data!K$1:K$373,$F11)),INDEX(Data!K$1:K$373,$F11),"")) -> 106.4 | ... AG11: =IF($F11=0,"",IF(ISNUMBER(INDEX(Data!AD$1:AD$373,$F11)),INDEX(Data!AD$1:AD$373,$F11),"")) -> 111
A12: 2013 | B12: 8 | C12: August | D12: =DATE(A12,B12,1) -> 41487 | E12: ="Rural+Urban|"&A12&"|"&C12 -> Rural+Urban|2013|August | F12: =IFERROR(MATCH(E12,Data!$AE$1:$AE$373,0),0) -> 25 | G12: =IF($F12=0,"",IF(ISNUMBER(INDEX(Data!D$1:D$373,$F12)),INDEX(Data!D$1:D$373,$F12),"")) -> 115.6 | H12: =IF($F12=0,"",IF(ISNUMBER(INDEX(Data!E$1:E$373,$F12)),INDEX(Data!E$1:E$373,$F12),"")) -> 117.2 | I12: =IF($F12=0,"",IF(ISNUMBER(INDEX(Data!F$1:F$373,$F12)),INDEX(Data!F$1:F$373,$F12),"")) -> 111.7 | J12: =IF($F12=0,"",IF(ISNUMBER(INDEX(Data!G$1:G$373,$F12)),INDEX(Data!G$1:G$373,$F12),"")) -> 109.6 | K12: =IF($F12=0,"",IF(ISNUMBER(INDEX(Data!H$1:H$373,$F12)),INDEX(Data!H$1:H$373,$F12),"")) -> 104.5 | L12: =IF($F12=0,"",IF(ISNUMBER(INDEX(Data!I$1:I$373,$F12)),INDEX(Data!I$1:I$373,$F12),"")) -> 109.8 | M12: =IF($F12=0,"",IF(ISNUMBER(INDEX(Data!J$1:J$373,$F12)),INDEX(Data!J$1:J$373,$F12),"")) -> 151.8 | N12: =IF($F12=0,"",IF(ISNUMBER(INDEX(Data!K$1:K$373,$F12)),INDEX(Data!K$1:K$373,$F12),"")) -> 106.5 | ... AG12: =IF($F12=0,"",IF(ISNUMBER(INDEX(Data!AD$1:AD$373,$F12)),INDEX(Data!AD$1:AD$373,$F12),"")) -> 112.4
A13: 2013 | B13: 9 | C13: September | D13: =DATE(A13,B13,1) -> 41518 | E13: ="Rural+Urban|"&A13&"|"&C13 -> Rural+Urban|2013|September | F13: =IFERROR(MATCH(E13,Data!$AE$1:$AE$373,0),0) -> 28 | G13: =IF($F13=0,"",IF(ISNUMBER(INDEX(Data!D$1:D$373,$F13)),INDEX(Data!D$1:D$373,$F13),"")) -> 116.4 | H13: =IF($F13=0,"",IF(ISNUMBER(INDEX(Data!E$1:E$373,$F13)),INDEX(Data!E$1:E$373,$F13),"")) -> 116.9 | I13: =IF($F13=0,"",IF(ISNUMBER(INDEX(Data!F$1:F$373,$F13)),INDEX(Data!F$1:F$373,$F13),"")) -> 112.3 | J13: =IF($F13=0,"",IF(ISNUMBER(INDEX(Data!G$1:G$373,$F13)),INDEX(Data!G$1:G$373,$F13),"")) -> 110.5 | K13: =IF($F13=0,"",IF(ISNUMBER(INDEX(Data!H$1:H$373,$F13)),INDEX(Data!H$1:H$373,$F13),"")) -> 105.3 | L13: =IF($F13=0,"",IF(ISNUMBER(INDEX(Data!I$1:I$373,$F13)),INDEX(Data!I$1:I$373,$F13),"")) -> 107.3 | M13: =IF($F13=0,"",IF(ISNUMBER(INDEX(Data!J$1:J$373,$F13)),INDEX(Data!J$1:J$373,$F13),"")) -> 160.9 | N13: =IF($F13=0,"",IF(ISNUMBER(INDEX(Data!K$1:K$373,$F13)),INDEX(Data!K$1:K$373,$F13),"")) -> 107.1 | ... AG13: =IF($F13=0,"",IF(ISNUMBER(INDEX(Data!AD$1:AD$373,$F13)),INDEX(Data!AD$1:AD$373,$F13),"")) -> 113.7
A14: 2013 | B14: 10 | C14: October | D14: =DATE(A14,B14,1) -> 41548 | E14: ="Rural+Urban|"&A14&"|"&C14 -> Rural+Urban|2013|October | F14: =IFERROR(MATCH(E14,Data!$AE$1:$AE$373,0),0) -> 31 | G14: =IF($F14=0,"",IF(ISNUMBER(INDEX(Data!D$1:D$373,$F14)),INDEX(Data!D$1:D$373,$F14),"")) -> 117.1 | H14: =IF($F14=0,"",IF(ISNUMBER(INDEX(Data!E$1:E$373,$F14)),INDEX(Data!E$1:E$373,$F14),"")) -> 116.3 | I14: =IF($F14=0,"",IF(ISNUMBER(INDEX(Data!F$1:F$373,$F14)),INDEX(Data!F$1:F$373,$F14),"")) -> 113.3 | J14: =IF($F14=0,"",IF(ISNUMBER(INDEX(Data!G$1:G$373,$F14)),INDEX(Data!G$1:G$373,$F14),"")) -> 111.2 | K14: =IF($F14=0,"",IF(ISNUMBER(INDEX(Data!H$1:H$373,$F14)),INDEX(Data!H$1:H$373,$F14),"")) -> 105.7 | L14: =IF($F14=0,"",IF(ISNUMBER(INDEX(Data!I$1:I$373,$F14)),INDEX(Data!I$1:I$373,$F14),"")) -> 109.9 | M14: =IF($F14=0,"",IF(ISNUMBER(INDEX(Data!J$1:J$373,$F14)),INDEX(Data!J$1:J$373,$F14),"")) -> 171.2 | N14: =IF($F14=0,"",IF(ISNUMBER(INDEX(Data!K$1:K$373,$F14)),INDEX(Data!K$1:K$373,$F14),"")) -> 107.3 | ... AG14: =IF($F14=0,"",IF(ISNUMBER(INDEX(Data!AD$1:AD$373,$F14)),INDEX(Data!AD$1:AD$373,$F14),"")) -> 114.8
A15: 2013 | B15: 11 | C15: November | D15: =DATE(A15,B15,1) -> 41579 | E15: ="Rural+Urban|"&A15&"|"&C15 -> Rural+Urban|2013|November | F15: =IFERROR(MATCH(E15,Data!$AE$1:$AE$373,0),0) -> 34 | G15: =IF($F15=0,"",IF(ISNUMBER(INDEX(Data!D$1:D$373,$F15)),INDEX(Data!D$1:D$373,$F15),"")) -> 118.1 | H15: =IF($F15=0,"",IF(ISNUMBER(INDEX(Data!E$1:E$373,$F15)),INDEX(Data!E$1:E$373,$F15),"")) -> 115.4 | I15: =IF($F15=0,"",IF(ISNUMBER(INDEX(Data!F$1:F$373,$F15)),INDEX(Data!F$1:F$373,$F15),"")) -> 118.7 | J15: =IF($F15=0,"",IF(ISNUMBER(INDEX(Data!G$1:G$373,$F15)),INDEX(Data!G$1:G$373,$F15),"")) -> 112.5 | K15: =IF($F15=0,"",IF(ISNUMBER(INDEX(Data!H$1:H$373,$F15)),INDEX(Data!H$1:H$373,$F15),"")) -> 106.8 | L15: =IF($F15=0,"",IF(ISNUMBER(INDEX(Data!I$1:I$373,$F15)),INDEX(Data!I$1:I$373,$F15),"")) -> 113.5 | M15: =IF($F15=0,"",IF(ISNUMBER(INDEX(Data!J$1:J$373,$F15)),INDEX(Data!J$1:J$373,$F15),"")) -> 183.1 | N15: =IF($F15=0,"",IF(ISNUMBER(INDEX(Data!K$1:K$373,$F15)),INDEX(Data!K$1:K$373,$F15),"")) -> 108.2 | ... AG15: =IF($F15=0,"",IF(ISNUMBER(INDEX(Data!AD$1:AD$373,$F15)),INDEX(Data!AD$1:AD$373,$F15),"")) -> 116.3
A16: 2013 | B16: 12 | C16: December | D16: =DATE(A16,B16,1) -> 41609 | E16: ="Rural+Urban|"&A16&"|"&C16 -> Rural+Urban|2013|December | F16: =IFERROR(MATCH(E16,Data!$AE$1:$AE$373,0),0) -> 37 | G16: =IF($F16=0,"",IF(ISNUMBER(INDEX(Data!D$1:D$373,$F16)),INDEX(Data!D$1:D$373,$F16),"")) -> 119.1 | H16: =IF($F16=0,"",IF(ISNUMBER(INDEX(Data!E$1:E$373,$F16)),INDEX(Data!E$1:E$373,$F16),"")) -> 116.7 | I16: =IF($F16=0,"",IF(ISNUMBER(INDEX(Data!F$1:F$373,$F16)),INDEX(Data!F$1:F$373,$F16),"")) -> 123.5 | J16: =IF($F16=0,"",IF(ISNUMBER(INDEX(Data!G$1:G$373,$F16)),INDEX(Data!G$1:G$373,$F16),"")) -> 113.4 | K16: =IF($F16=0,"",IF(ISNUMBER(INDEX(Data!H$1:H$373,$F16)),INDEX(Data!H$1:H$373,$F16),"")) -> 107.3 | L16: =IF($F16=0,"",IF(ISNUMBER(INDEX(Data!I$1:I$373,$F16)),INDEX(Data!I$1:I$373,$F16),"")) -> 113.3 | M16: =IF($F16=0,"",IF(ISNUMBER(INDEX(Data!J$1:J$373,$F16)),INDEX(Data!J$1:J$373,$F16),"")) -> 145.4 | N16: =IF($F16=0,"",IF(ISNUMBER(INDEX(Data!K$1:K$373,$F16)),INDEX(Data!K$1:K$373,$F16),"")) -> 108.7 | ... AG16: =IF($F16=0,"",IF(ISNUMBER(INDEX(Data!AD$1:AD$373,$F16)),INDEX(Data!AD$1:AD$373,$F16),"")) -> 114.5
... A129: 2023 | B129: 5 | C129: May | D129: =DATE(A129,B129,1) -> 45047 | E129: ="Rural+Urban|"&A129&"|"&C129 -> Rural+Urban|2023|May | F129: =IFERROR(MATCH(E129,Data!$AE$1:$AE$373,0),0) -> 373 | G129: =IF($F129=0,"",IF(ISNUMBER(INDEX(Data!D$1:D$373,$F129)),INDEX(Data!D$1:D$373,$F129),"")) -> 173.7 | H129: =IF($F129=0,"",IF(ISNUMBER(INDEX(Data!E$1:E$373,$F129)),INDEX(Data!E$1:E$373,$F129),"")) -> 214.3 | I129: =IF($F129=0,"",IF(ISNUMBER(INDEX(Data!F$1:F$373,$F129)),INDEX(Data!F$1:F$373,$F129),"")) -> 173.2 | J129: =IF($F129=0,"",IF(ISNUMBER(INDEX(Data!G$1:G$373,$F129)),INDEX(Data!G$1:G$373,$F129),"")) -> 179.5 | K129: =IF($F129=0,"",IF(ISNUMBER(INDEX(Data!H$1:H$373,$F129)),INDEX(Data!H$1:H$373,$F129),"")) -> 170 | L129: =IF($F129=0,"",IF(ISNUMBER(INDEX(Data!I$1:I$373,$F129)),INDEX(Data!I$1:I$373,$F129),"")) -> 172.2 | M129: =IF($F129=0,"",IF(ISNUMBER(INDEX(Data!J$1:J$373,$F129)),INDEX(Data!J$1:J$373,$F129),"")) -> 161 | N129: =IF($F129=0,"",IF(ISNUMBER(INDEX(Data!K$1:K$373,$F129)),INDEX(Data!K$1:K$373,$F129),"")) -> 175.6 | ... AG129: =IF($F129=0,"",IF(ISNUMBER(INDEX(Data!AD$1:AD$373,$F129)),INDEX(Data!AD$1:AD$373,$F129),"")) -> 179.1

Sheet RU_Clean
A1: Rural+Urban index - cleaned (missing values imputed)
A2: Imputation: 1 missing month = average of previous & next month; 2 missing months = straight-line (linear) between neighbours. Last column = equal-weight Food bucket.
A4: Year | B4: MonthNo | C4: Month | D4: Date | E4: # imputed in row | F4: Flag | G4: Cereals and products | H4: Meat and fish | I4: Egg | J4: Milk and products | K4: Oils and fats | L4: Fruits | M4: Vegetables | N4: Pulses and products | O4: Sugar and Confectionery | P4: Spices | Q4: Non-alcoholic beverages | R4: Prepared meals, snacks, sweets etc. | S4: Food and beverages | T4: Pan, tobacco and intoxicants | U4: Clothing | V4: Footwear | W4: Clothing and footwear | X4: Housing | Y4: Fuel and light | Z4: Household goods and services | AA4: Health | AB4: Transport and communication | AC4: Recreation and amusement | AD4: Education | AE4: Personal care and effects | AF4: Miscellaneous | AG4: General index | AH4: Food bucket (sum of 12 food items)
A5: =RU_Raw!A5 -> 2013 | B5: =RU_Raw!B5 -> 1 | C5: =RU_Raw!C5 -> January | D5: =RU_Raw!D5 -> 41275 | E5: =COUNTBLANK(RU_Raw!G5:AG5) -> 0 | F5: =IF(E5>0,"Imputed","") | G5: =IF(ISNUMBER(RU_Raw!G5),RU_Raw!G5,IF(ISNUMBER(RU_Raw!G6),(G4+RU_Raw!G6)/2,IF(ISNUMBER(RU_Raw!G7),G4+(RU_Raw!G7-G4)/3,""))) -> 108.4 | H5: =IF(ISNUMBER(RU_Raw!H5),RU_Raw!H5,IF(ISNUMBER(RU_Raw!H6),(H4+RU_Raw!H6)/2,IF(ISNUMBER(RU_Raw!H7),H4+(RU_Raw!H7-H4)/3,""))) -> 107.3 | I5: =IF(ISNUMBER(RU_Raw!I5),RU_Raw!I5,IF(ISNUMBER(RU_Raw!I6),(I4+RU_Raw!I6)/2,IF(ISNUMBER(RU_Raw!I7),I4+(RU_Raw!I7-I4)/3,""))) -> 110 | J5: =IF(ISNUMBER(RU_Raw!J5),RU_Raw!J5,IF(ISNUMBER(RU_Raw!J6),(J4+RU_Raw!J6)/2,IF(ISNUMBER(RU_Raw!J7),J4+(RU_Raw!J7-J4)/3,""))) -> 104.4 | K5: =IF(ISNUMBER(RU_Raw!K5),RU_Raw!K5,IF(ISNUMBER(RU_Raw!K6),(K4+RU_Raw!K6)/2,IF(ISNUMBER(RU_Raw!K7),K4+(RU_Raw!K7-K4)/3,""))) -> 105.1 | L5: =IF(ISNUMBER(RU_Raw!L5),RU_Raw!L5,IF(ISNUMBER(RU_Raw!L6),(L4+RU_Raw!L6)/2,IF(ISNUMBER(RU_Raw!L7),L4+(RU_Raw!L7-L4)/3,""))) -> 103.2 | M5: =IF(ISNUMBER(RU_Raw!M5),RU_Raw!M5,IF(ISNUMBER(RU_Raw!M6),(M4+RU_Raw!M6)/2,IF(ISNUMBER(RU_Raw!M7),M4+(RU_Raw!M7-M4)/3,""))) -> 102.2 | N5: =IF(ISNUMBER(RU_Raw!N5),RU_Raw!N5,IF(ISNUMBER(RU_Raw!N6),(N4+RU_Raw!N6)/2,IF(ISNUMBER(RU_Raw!N7),N4+(RU_Raw!N7-N4)/3,""))) -> 106 | ... AG5: =IF(ISNUMBER(RU_Raw!AG5),RU_Raw!AG5,IF(ISNUMBER(RU_Raw!AG6),(AG4+RU_Raw!AG6)/2,IF(ISNUMBER(RU_Raw!AG7),AG4+(RU_Raw!AG7-AG4)/3,""))) -> 104.6 | AH5: =SUM(G5:R5) -> 1267.7
A6: =RU_Raw!A6 -> 2013 | B6: =RU_Raw!B6 -> 2 | C6: =RU_Raw!C6 -> February | D6: =RU_Raw!D6 -> 41306 | E6: =COUNTBLANK(RU_Raw!G6:AG6) -> 0 | F6: =IF(E6>0,"Imputed","") | G6: =IF(ISNUMBER(RU_Raw!G6),RU_Raw!G6,IF(ISNUMBER(RU_Raw!G7),(G5+RU_Raw!G7)/2,IF(ISNUMBER(RU_Raw!G8),G5+(RU_Raw!G8-G5)/3,""))) -> 110.4 | H6: =IF(ISNUMBER(RU_Raw!H6),RU_Raw!H6,IF(ISNUMBER(RU_Raw!H7),(H5+RU_Raw!H7)/2,IF(ISNUMBER(RU_Raw!H8),H5+(RU_Raw!H8-H5)/3,""))) -> 110.2 | I6: =IF(ISNUMBER(RU_Raw!I6),RU_Raw!I6,IF(ISNUMBER(RU_Raw!I7),(I5+RU_Raw!I7)/2,IF(ISNUMBER(RU_Raw!I8),I5+(RU_Raw!I8-I5)/3,""))) -> 112.8 | J6: =IF(ISNUMBER(RU_Raw!J6),RU_Raw!J6,IF(ISNUMBER(RU_Raw!J7),(J5+RU_Raw!J7)/2,IF(ISNUMBER(RU_Raw!J8),J5+(RU_Raw!J8-J5)/3,""))) -> 104.9 | K6: =IF(ISNUMBER(RU_Raw!K6),RU_Raw!K6,IF(ISNUMBER(RU_Raw!K7),(K5+RU_Raw!K7)/2,IF(ISNUMBER(RU_Raw!K8),K5+(RU_Raw!K8-K5)/3,""))) -> 105.5 | L6: =IF(ISNUMBER(RU_Raw!L6),RU_Raw!L6,IF(ISNUMBER(RU_Raw!L7),(L5+RU_Raw!L7)/2,IF(ISNUMBER(RU_Raw!L8),L5+(RU_Raw!L8-L5)/3,""))) -> 103.6 | M6: =IF(ISNUMBER(RU_Raw!M6),RU_Raw!M6,IF(ISNUMBER(RU_Raw!M7),(M5+RU_Raw!M7)/2,IF(ISNUMBER(RU_Raw!M8),M5+(RU_Raw!M8-M5)/3,""))) -> 103.2 | N6: =IF(ISNUMBER(RU_Raw!N6),RU_Raw!N6,IF(ISNUMBER(RU_Raw!N7),(N5+RU_Raw!N7)/2,IF(ISNUMBER(RU_Raw!N8),N5+(RU_Raw!N8-N5)/3,""))) -> 105.3 | ... AG6: =IF(ISNUMBER(RU_Raw!AG6),RU_Raw!AG6,IF(ISNUMBER(RU_Raw!AG7),(AG5+RU_Raw!AG7)/2,IF(ISNUMBER(RU_Raw!AG8),AG5+(RU_Raw!AG8-AG5)/3,""))) -> 105.3 | AH6: =SUM(G6:R6) -> 1277.6
A7: =RU_Raw!A7 -> 2013 | B7: =RU_Raw!B7 -> 3 | C7: =RU_Raw!C7 -> March | D7: =RU_Raw!D7 -> 41334 | E7: =COUNTBLANK(RU_Raw!G7:AG7) -> 0 | F7: =IF(E7>0,"Imputed","") | G7: =IF(ISNUMBER(RU_Raw!G7),RU_Raw!G7,IF(ISNUMBER(RU_Raw!G8),(G6+RU_Raw!G8)/2,IF(ISNUMBER(RU_Raw!G9),G6+(RU_Raw!G9-G6)/3,""))) -> 111.4 | H7: =IF(ISNUMBER(RU_Raw!H7),RU_Raw!H7,IF(ISNUMBER(RU_Raw!H8),(H6+RU_Raw!H8)/2,IF(ISNUMBER(RU_Raw!H9),H6+(RU_Raw!H9-H6)/3,""))) -> 109.7 | I7: =IF(ISNUMBER(RU_Raw!I7),RU_Raw!I7,IF(ISNUMBER(RU_Raw!I8),(I6+RU_Raw!I8)/2,IF(ISNUMBER(RU_Raw!I9),I6+(RU_Raw!I9-I6)/3,""))) -> 111.2 | J7: =IF(ISNUMBER(RU_Raw!J7),RU_Raw!J7,IF(ISNUMBER(RU_Raw!J8),(J6+RU_Raw!J8)/2,IF(ISNUMBER(RU_Raw!J9),J6+(RU_Raw!J9-J6)/3,""))) -> 105.1 | K7: =IF(ISNUMBER(RU_Raw!K7),RU_Raw!K7,IF(ISNUMBER(RU_Raw!K8),(K6+RU_Raw!K8)/2,IF(ISNUMBER(RU_Raw!K9),K6+(RU_Raw!K9-K6)/3,""))) -> 104.9 | L7: =IF(ISNUMBER(RU_Raw!L7),RU_Raw!L7,IF(ISNUMBER(RU_Raw!L8),(L6+RU_Raw!L8)/2,IF(ISNUMBER(RU_Raw!L9),L6+(RU_Raw!L9-L6)/3,""))) -> 105.3 | M7: =IF(ISNUMBER(RU_Raw!M7),RU_Raw!M7,IF(ISNUMBER(RU_Raw!M8),(M6+RU_Raw!M8)/2,IF(ISNUMBER(RU_Raw!M9),M6+(RU_Raw!M9-M6)/3,""))) -> 102.2 | N7: =IF(ISNUMBER(RU_Raw!N7),RU_Raw!N7,IF(ISNUMBER(RU_Raw!N8),(N6+RU_Raw!N8)/2,IF(ISNUMBER(RU_Raw!N9),N6+(RU_Raw!N9-N6)/3,""))) -> 105 | ... AG7: =IF(ISNUMBER(RU_Raw!AG7),RU_Raw!AG7,IF(ISNUMBER(RU_Raw!AG8),(AG6+RU_Raw!AG8)/2,IF(ISNUMBER(RU_Raw!AG9),AG6+(RU_Raw!AG9-AG6)/3,""))) -> 105.5 | AH7: =SUM(G7:R7) -> 1277.1
A8: =RU_Raw!A8 -> 2013 | B8: =RU_Raw!B8 -> 4 | C8: =RU_Raw!C8 -> April | D8: =RU_Raw!D8 -> 41365 | E8: =COUNTBLANK(RU_Raw!G8:AG8) -> 0 | F8: =IF(E8>0,"Imputed","") | G8: =IF(ISNUMBER(RU_Raw!G8),RU_Raw!G8,IF(ISNUMBER(RU_Raw!G9),(G7+RU_Raw!G9)/2,IF(ISNUMBER(RU_Raw!G10),G7+(RU_Raw!G10-G7)/3,""))) -> 111.6 | H8: =IF(ISNUMBER(RU_Raw!H8),RU_Raw!H8,IF(ISNUMBER(RU_Raw!H9),(H7+RU_Raw!H9)/2,IF(ISNUMBER(RU_Raw!H10),H7+(RU_Raw!H10-H7)/3,""))) -> 110.9 | I8: =IF(ISNUMBER(RU_Raw!I8),RU_Raw!I8,IF(ISNUMBER(RU_Raw!I9),(I7+RU_Raw!I9)/2,IF(ISNUMBER(RU_Raw!I10),I7+(RU_Raw!I10-I7)/3,""))) -> 106.6 | J8: =IF(ISNUMBER(RU_Raw!J8),RU_Raw!J8,IF(ISNUMBER(RU_Raw!J9),(J7+RU_Raw!J9)/2,IF(ISNUMBER(RU_Raw!J10),J7+(RU_Raw!J10-J7)/3,""))) -> 105.7 | K8: =IF(ISNUMBER(RU_Raw!K8),RU_Raw!K8,IF(ISNUMBER(RU_Raw!K9),(K7+RU_Raw!K9)/2,IF(ISNUMBER(RU_Raw!K10),K7+(RU_Raw!K10-K7)/3,""))) -> 104.4 | L8: =IF(ISNUMBER(RU_Raw!L8),RU_Raw!L8,IF(ISNUMBER(RU_Raw!L9),(L7+RU_Raw!L9)/2,IF(ISNUMBER(RU_Raw!L10),L7+(RU_Raw!L10-L7)/3,""))) -> 108.9 | M8: =IF(ISNUMBER(RU_Raw!M8),RU_Raw!M8,IF(ISNUMBER(RU_Raw!M9),(M7+RU_Raw!M9)/2,IF(ISNUMBER(RU_Raw!M10),M7+(RU_Raw!M10-M7)/3,""))) -> 105.5 | N8: =IF(ISNUMBER(RU_Raw!N8),RU_Raw!N8,IF(ISNUMBER(RU_Raw!N9),(N7+RU_Raw!N9)/2,IF(ISNUMBER(RU_Raw!N10),N7+(RU_Raw!N10-N7)/3,""))) -> 105.3 | ... AG8: =IF(ISNUMBER(RU_Raw!AG8),RU_Raw!AG8,IF(ISNUMBER(RU_Raw!AG9),(AG7+RU_Raw!AG9)/2,IF(ISNUMBER(RU_Raw!AG10),AG7+(RU_Raw!AG10-AG7)/3,""))) -> 106.1 | AH8: =SUM(G8:R8) -> 1282.5
A9: =RU_Raw!A9 -> 2013 | B9: =RU_Raw!B9 -> 5 | C9: =RU_Raw!C9 -> May | D9: =RU_Raw!D9 -> 41395 | E9: =COUNTBLANK(RU_Raw!G9:AG9) -> 0 | F9: =IF(E9>0,"Imputed","") | G9: =IF(ISNUMBER(RU_Raw!G9),RU_Raw!G9,IF(ISNUMBER(RU_Raw!G10),(G8+RU_Raw!G10)/2,IF(ISNUMBER(RU_Raw!G11),G8+(RU_Raw!G11-G8)/3,""))) -> 112.3 | H9: =IF(ISNUMBER(RU_Raw!H9),RU_Raw!H9,IF(ISNUMBER(RU_Raw!H10),(H8+RU_Raw!H10)/2,IF(ISNUMBER(RU_Raw!H11),H8+(RU_Raw!H11-H8)/3,""))) -> 111.3 | I9: =IF(ISNUMBER(RU_Raw!I9),RU_Raw!I9,IF(ISNUMBER(RU_Raw!I10),(I8+RU_Raw!I10)/2,IF(ISNUMBER(RU_Raw!I11),I8+(RU_Raw!I11-I8)/3,""))) -> 104.7 | J9: =IF(ISNUMBER(RU_Raw!J9),RU_Raw!J9,IF(ISNUMBER(RU_Raw!J10),(J8+RU_Raw!J10)/2,IF(ISNUMBER(RU_Raw!J11),J8+(RU_Raw!J11-J8)/3,""))) -> 106.8 | K9: =IF(ISNUMBER(RU_Raw!K9),RU_Raw!K9,IF(ISNUMBER(RU_Raw!K10),(K8+RU_Raw!K10)/2,IF(ISNUMBER(RU_Raw!K11),K8+(RU_Raw!K11-K8)/3,""))) -> 103.9 | L9: =IF(ISNUMBER(RU_Raw!L9),RU_Raw!L9,IF(ISNUMBER(RU_Raw!L10),(L8+RU_Raw!L10)/2,IF(ISNUMBER(RU_Raw!L11),L8+(RU_Raw!L11-L8)/3,""))) -> 109.3 | M9: =IF(ISNUMBER(RU_Raw!M9),RU_Raw!M9,IF(ISNUMBER(RU_Raw!M10),(M8+RU_Raw!M10)/2,IF(ISNUMBER(RU_Raw!M11),M8+(RU_Raw!M11-M8)/3,""))) -> 112.9 | N9: =IF(ISNUMBER(RU_Raw!N9),RU_Raw!N9,IF(ISNUMBER(RU_Raw!N10),(N8+RU_Raw!N10)/2,IF(ISNUMBER(RU_Raw!N11),N8+(RU_Raw!N11-N8)/3,""))) -> 105.8 | ... AG9: =IF(ISNUMBER(RU_Raw!AG9),RU_Raw!AG9,IF(ISNUMBER(RU_Raw!AG10),(AG8+RU_Raw!AG10)/2,IF(ISNUMBER(RU_Raw!AG11),AG8+(RU_Raw!AG11-AG8)/3,""))) -> 106.9 | AH9: =SUM(G9:R9) -> 1293
A10: =RU_Raw!A10 -> 2013 | B10: =RU_Raw!B10 -> 6 | C10: =RU_Raw!C10 -> June | D10: =RU_Raw!D10 -> 41426 | E10: =COUNTBLANK(RU_Raw!G10:AG10) -> 0 | F10: =IF(E10>0,"Imputed","") | G10: =IF(ISNUMBER(RU_Raw!G10),RU_Raw!G10,IF(ISNUMBER(RU_Raw!G11),(G9+RU_Raw!G11)/2,IF(ISNUMBER(RU_Raw!G12),G9+(RU_Raw!G12-G9)/3,""))) -> 113.8 | H10: =IF(ISNUMBER(RU_Raw!H10),RU_Raw!H10,IF(ISNUMBER(RU_Raw!H11),(H9+RU_Raw!H11)/2,IF(ISNUMBER(RU_Raw!H12),H9+(RU_Raw!H12-H9)/3,""))) -> 114.9 | I10: =IF(ISNUMBER(RU_Raw!I10),RU_Raw!I10,IF(ISNUMBER(RU_Raw!I11),(I9+RU_Raw!I11)/2,IF(ISNUMBER(RU_Raw!I12),I9+(RU_Raw!I12-I9)/3,""))) -> 109.8 | J10: =IF(ISNUMBER(RU_Raw!J10),RU_Raw!J10,IF(ISNUMBER(RU_Raw!J11),(J9+RU_Raw!J11)/2,IF(ISNUMBER(RU_Raw!J12),J9+(RU_Raw!J12-J9)/3,""))) -> 107.9 | K10: =IF(ISNUMBER(RU_Raw!K10),RU_Raw!K10,IF(ISNUMBER(RU_Raw!K11),(K9+RU_Raw!K11)/2,IF(ISNUMBER(RU_Raw!K12),K9+(RU_Raw!K12-K9)/3,""))) -> 104.2 | L10: =IF(ISNUMBER(RU_Raw!L10),RU_Raw!L10,IF(ISNUMBER(RU_Raw!L11),(L9+RU_Raw!L11)/2,IF(ISNUMBER(RU_Raw!L12),L9+(RU_Raw!L12-L9)/3,""))) -> 110.7 | M10: =IF(ISNUMBER(RU_Raw!M10),RU_Raw!M10,IF(ISNUMBER(RU_Raw!M11),(M9+RU_Raw!M11)/2,IF(ISNUMBER(RU_Raw!M12),M9+(RU_Raw!M12-M9)/3,""))) -> 126.7 | N10: =IF(ISNUMBER(RU_Raw!N10),RU_Raw!N10,IF(ISNUMBER(RU_Raw!N11),(N9+RU_Raw!N11)/2,IF(ISNUMBER(RU_Raw!N12),N9+(RU_Raw!N12-N9)/3,""))) -> 106.3 | ... AG10: =IF(ISNUMBER(RU_Raw!AG10),RU_Raw!AG10,IF(ISNUMBER(RU_Raw!AG11),(AG9+RU_Raw!AG11)/2,IF(ISNUMBER(RU_Raw!AG12),AG9+(RU_Raw!AG12-AG9)/3,""))) -> 109.3 | AH10: =SUM(G10:R10) -> 1323.8
A11: =RU_Raw!A11 -> 2013 | B11: =RU_Raw!B11 -> 7 | C11: =RU_Raw!C11 -> July | D11: =RU_Raw!D11 -> 41456 | E11: =COUNTBLANK(RU_Raw!G11:AG11) -> 0 | F11: =IF(E11>0,"Imputed","") | G11: =IF(ISNUMBER(RU_Raw!G11),RU_Raw!G11,IF(ISNUMBER(RU_Raw!G12),(G10+RU_Raw!G12)/2,IF(ISNUMBER(RU_Raw!G13),G10+(RU_Raw!G13-G10)/3,""))) -> 114.8 | H11: =IF(ISNUMBER(RU_Raw!H11),RU_Raw!H11,IF(ISNUMBER(RU_Raw!H12),(H10+RU_Raw!H12)/2,IF(ISNUMBER(RU_Raw!H13),H10+(RU_Raw!H13-H10)/3,""))) -> 116.4 | I11: =IF(ISNUMBER(RU_Raw!I11),RU_Raw!I11,IF(ISNUMBER(RU_Raw!I12),(I10+RU_Raw!I12)/2,IF(ISNUMBER(RU_Raw!I13),I10+(RU_Raw!I13-I10)/3,""))) -> 111.9 | J11: =IF(ISNUMBER(RU_Raw!J11),RU_Raw!J11,IF(ISNUMBER(RU_Raw!J12),(J10+RU_Raw!J12)/2,IF(ISNUMBER(RU_Raw!J13),J10+(RU_Raw!J13-J10)/3,""))) -> 108.9 | K11: =IF(ISNUMBER(RU_Raw!K11),RU_Raw!K11,IF(ISNUMBER(RU_Raw!K12),(K10+RU_Raw!K12)/2,IF(ISNUMBER(RU_Raw!K13),K10+(RU_Raw!K13-K10)/3,""))) -> 104.3 | L11: =IF(ISNUMBER(RU_Raw!L11),RU_Raw!L11,IF(ISNUMBER(RU_Raw!L12),(L10+RU_Raw!L12)/2,IF(ISNUMBER(RU_Raw!L13),L10+(RU_Raw!L13-L10)/3,""))) -> 111.7 | M11: =IF(ISNUMBER(RU_Raw!M11),RU_Raw!M11,IF(ISNUMBER(RU_Raw!M12),(M10+RU_Raw!M12)/2,IF(ISNUMBER(RU_Raw!M13),M10+(RU_Raw!M13-M10)/3,""))) -> 140 | N11: =IF(ISNUMBER(RU_Raw!N11),RU_Raw!N11,IF(ISNUMBER(RU_Raw!N12),(N10+RU_Raw!N12)/2,IF(ISNUMBER(RU_Raw!N13),N10+(RU_Raw!N13-N10)/3,""))) -> 106.4 | ... AG11: =IF(ISNUMBER(RU_Raw!AG11),RU_Raw!AG11,IF(ISNUMBER(RU_Raw!AG12),(AG10+RU_Raw!AG12)/2,IF(ISNUMBER(RU_Raw!AG13),AG10+(RU_Raw!AG13-AG10)/3,""))) -> 111 | AH11: =SUM(G11:R11) -> 1346.7
A12: =RU_Raw!A12 -> 2013 | B12: =RU_Raw!B12 -> 8 | C12: =RU_Raw!C12 -> August | D12: =RU_Raw!D12 -> 41487 | E12: =COUNTBLANK(RU_Raw!G12:AG12) -> 0 | F12: =IF(E12>0,"Imputed","") | G12: =IF(ISNUMBER(RU_Raw!G12),RU_Raw!G12,IF(ISNUMBER(RU_Raw!G13),(G11+RU_Raw!G13)/2,IF(ISNUMBER(RU_Raw!G14),G11+(RU_Raw!G14-G11)/3,""))) -> 115.6 | H12: =IF(ISNUMBER(RU_Raw!H12),RU_Raw!H12,IF(ISNUMBER(RU_Raw!H13),(H11+RU_Raw!H13)/2,IF(ISNUMBER(RU_Raw!H14),H11+(RU_Raw!H14-H11)/3,""))) -> 117.2 | I12: =IF(ISNUMBER(RU_Raw!I12),RU_Raw!I12,IF(ISNUMBER(RU_Raw!I13),(I11+RU_Raw!I13)/2,IF(ISNUMBER(RU_Raw!I14),I11+(RU_Raw!I14-I11)/3,""))) -> 111.7 | J12: =IF(ISNUMBER(RU_Raw!J12),RU_Raw!J12,IF(ISNUMBER(RU_Raw!J13),(J11+RU_Raw!J13)/2,IF(ISNUMBER(RU_Raw!J14),J11+(RU_Raw!J14-J11)/3,""))) -> 109.6 | K12: =IF(ISNUMBER(RU_Raw!K12),RU_Raw!K12,IF(ISNUMBER(RU_Raw!K13),(K11+RU_Raw!K13)/2,IF(ISNUMBER(RU_Raw!K14),K11+(RU_Raw!K14-K11)/3,""))) -> 104.5 | L12: =IF(ISNUMBER(RU_Raw!L12),RU_Raw!L12,IF(ISNUMBER(RU_Raw!L13),(L11+RU_Raw!L13)/2,IF(ISNUMBER(RU_Raw!L14),L11+(RU_Raw!L14-L11)/3,""))) -> 109.8 | M12: =IF(ISNUMBER(RU_Raw!M12),RU_Raw!M12,IF(ISNUMBER(RU_Raw!M13),(M11+RU_Raw!M13)/2,IF(ISNUMBER(RU_Raw!M14),M11+(RU_Raw!M14-M11)/3,""))) -> 151.8 | N12: =IF(ISNUMBER(RU_Raw!N12),RU_Raw!N12,IF(ISNUMBER(RU_Raw!N13),(N11+RU_Raw!N13)/2,IF(ISNUMBER(RU_Raw!N14),N11+(RU_Raw!N14-N11)/3,""))) -> 106.5 | ... AG12: =IF(ISNUMBER(RU_Raw!AG12),RU_Raw!AG12,IF(ISNUMBER(RU_Raw!AG13),(AG11+RU_Raw!AG13)/2,IF(ISNUMBER(RU_Raw!AG14),AG11+(RU_Raw!AG14-AG11)/3,""))) -> 112.4 | AH12: =SUM(G12:R12) -> 1360.8
A13: =RU_Raw!A13 -> 2013 | B13: =RU_Raw!B13 -> 9 | C13: =RU_Raw!C13 -> September | D13: =RU_Raw!D13 -> 41518 | E13: =COUNTBLANK(RU_Raw!G13:AG13) -> 0 | F13: =IF(E13>0,"Imputed","") | G13: =IF(ISNUMBER(RU_Raw!G13),RU_Raw!G13,IF(ISNUMBER(RU_Raw!G14),(G12+RU_Raw!G14)/2,IF(ISNUMBER(RU_Raw!G15),G12+(RU_Raw!G15-G12)/3,""))) -> 116.4 | H13: =IF(ISNUMBER(RU_Raw!H13),RU_Raw!H13,IF(ISNUMBER(RU_Raw!H14),(H12+RU_Raw!H14)/2,IF(ISNUMBER(RU_Raw!H15),H12+(RU_Raw!H15-H12)/3,""))) -> 116.9 | I13: =IF(ISNUMBER(RU_Raw!I13),RU_Raw!I13,IF(ISNUMBER(RU_Raw!I14),(I12+RU_Raw!I14)/2,IF(ISNUMBER(RU_Raw!I15),I12+(RU_Raw!I15-I12)/3,""))) -> 112.3 | J13: =IF(ISNUMBER(RU_Raw!J13),RU_Raw!J13,IF(ISNUMBER(RU_Raw!J14),(J12+RU_Raw!J14)/2,IF(ISNUMBER(RU_Raw!J15),J12+(RU_Raw!J15-J12)/3,""))) -> 110.5 | K13: =IF(ISNUMBER(RU_Raw!K13),RU_Raw!K13,IF(ISNUMBER(RU_Raw!K14),(K12+RU_Raw!K14)/2,IF(ISNUMBER(RU_Raw!K15),K12+(RU_Raw!K15-K12)/3,""))) -> 105.3 | L13: =IF(ISNUMBER(RU_Raw!L13),RU_Raw!L13,IF(ISNUMBER(RU_Raw!L14),(L12+RU_Raw!L14)/2,IF(ISNUMBER(RU_Raw!L15),L12+(RU_Raw!L15-L12)/3,""))) -> 107.3 | M13: =IF(ISNUMBER(RU_Raw!M13),RU_Raw!M13,IF(ISNUMBER(RU_Raw!M14),(M12+RU_Raw!M14)/2,IF(ISNUMBER(RU_Raw!M15),M12+(RU_Raw!M15-M12)/3,""))) -> 160.9 | N13: =IF(ISNUMBER(RU_Raw!N13),RU_Raw!N13,IF(ISNUMBER(RU_Raw!N14),(N12+RU_Raw!N14)/2,IF(ISNUMBER(RU_Raw!N15),N12+(RU_Raw!N15-N12)/3,""))) -> 107.1 | ... AG13: =IF(ISNUMBER(RU_Raw!AG13),RU_Raw!AG13,IF(ISNUMBER(RU_Raw!AG14),(AG12+RU_Raw!AG14)/2,IF(ISNUMBER(RU_Raw!AG15),AG12+(RU_Raw!AG15-AG12)/3,""))) -> 113.7 | AH13: =SUM(G13:R13) -> 1373.4
A14: =RU_Raw!A14 -> 2013 | B14: =RU_Raw!B14 -> 10 | C14: =RU_Raw!C14 -> October | D14: =RU_Raw!D14 -> 41548 | E14: =COUNTBLANK(RU_Raw!G14:AG14) -> 0 | F14: =IF(E14>0,"Imputed","") | G14: =IF(ISNUMBER(RU_Raw!G14),RU_Raw!G14,IF(ISNUMBER(RU_Raw!G15),(G13+RU_Raw!G15)/2,IF(ISNUMBER(RU_Raw!G16),G13+(RU_Raw!G16-G13)/3,""))) -> 117.1 | H14: =IF(ISNUMBER(RU_Raw!H14),RU_Raw!H14,IF(ISNUMBER(RU_Raw!H15),(H13+RU_Raw!H15)/2,IF(ISNUMBER(RU_Raw!H16),H13+(RU_Raw!H16-H13)/3,""))) -> 116.3 | I14: =IF(ISNUMBER(RU_Raw!I14),RU_Raw!I14,IF(ISNUMBER(RU_Raw!I15),(I13+RU_Raw!I15)/2,IF(ISNUMBER(RU_Raw!I16),I13+(RU_Raw!I16-I13)/3,""))) -> 113.3 | J14: =IF(ISNUMBER(RU_Raw!J14),RU_Raw!J14,IF(ISNUMBER(RU_Raw!J15),(J13+RU_Raw!J15)/2,IF(ISNUMBER(RU_Raw!J16),J13+(RU_Raw!J16-J13)/3,""))) -> 111.2 | K14: =IF(ISNUMBER(RU_Raw!K14),RU_Raw!K14,IF(ISNUMBER(RU_Raw!K15),(K13+RU_Raw!K15)/2,IF(ISNUMBER(RU_Raw!K16),K13+(RU_Raw!K16-K13)/3,""))) -> 105.7 | L14: =IF(ISNUMBER(RU_Raw!L14),RU_Raw!L14,IF(ISNUMBER(RU_Raw!L15),(L13+RU_Raw!L15)/2,IF(ISNUMBER(RU_Raw!L16),L13+(RU_Raw!L16-L13)/3,""))) -> 109.9 | M14: =IF(ISNUMBER(RU_Raw!M14),RU_Raw!M14,IF(ISNUMBER(RU_Raw!M15),(M13+RU_Raw!M15)/2,IF(ISNUMBER(RU_Raw!M16),M13+(RU_Raw!M16-M13)/3,""))) -> 171.2 | N14: =IF(ISNUMBER(RU_Raw!N14),RU_Raw!N14,IF(ISNUMBER(RU_Raw!N15),(N13+RU_Raw!N15)/2,IF(ISNUMBER(RU_Raw!N16),N13+(RU_Raw!N16-N13)/3,""))) -> 107.3 | ... AG14: =IF(ISNUMBER(RU_Raw!AG14),RU_Raw!AG14,IF(ISNUMBER(RU_Raw!AG15),(AG13+RU_Raw!AG15)/2,IF(ISNUMBER(RU_Raw!AG16),AG13+(RU_Raw!AG16-AG13)/3,""))) -> 114.8 | AH14: =SUM(G14:R14) -> 1390
A15: =RU_Raw!A15 -> 2013 | B15: =RU_Raw!B15 -> 11 | C15: =RU_Raw!C15 -> November | D15: =RU_Raw!D15 -> 41579 | E15: =COUNTBLANK(RU_Raw!G15:AG15) -> 0 | F15: =IF(E15>0,"Imputed","") | G15: =IF(ISNUMBER(RU_Raw!G15),RU_Raw!G15,IF(ISNUMBER(RU_Raw!G16),(G14+RU_Raw!G16)/2,IF(ISNUMBER(RU_Raw!G17),G14+(RU_Raw!G17-G14)/3,""))) -> 118.1 | H15: =IF(ISNUMBER(RU_Raw!H15),RU_Raw!H15,IF(ISNUMBER(RU_Raw!H16),(H14+RU_Raw!H16)/2,IF(ISNUMBER(RU_Raw!H17),H14+(RU_Raw!H17-H14)/3,""))) -> 115.4 | I15: =IF(ISNUMBER(RU_Raw!I15),RU_Raw!I15,IF(ISNUMBER(RU_Raw!I16),(I14+RU_Raw!I16)/2,IF(ISNUMBER(RU_Raw!I17),I14+(RU_Raw!I17-I14)/3,""))) -> 118.7 | J15: =IF(ISNUMBER(RU_Raw!J15),RU_Raw!J15,IF(ISNUMBER(RU_Raw!J16),(J14+RU_Raw!J16)/2,IF(ISNUMBER(RU_Raw!J17),J14+(RU_Raw!J17-J14)/3,""))) -> 112.5 | K15: =IF(ISNUMBER(RU_Raw!K15),RU_Raw!K15,IF(ISNUMBER(RU_Raw!K16),(K14+RU_Raw!K16)/2,IF(ISNUMBER(RU_Raw!K17),K14+(RU_Raw!K17-K14)/3,""))) -> 106.8 | L15: =IF(ISNUMBER(RU_Raw!L15),RU_Raw!L15,IF(ISNUMBER(RU_Raw!L16),(L14+RU_Raw!L16)/2,IF(ISNUMBER(RU_Raw!L17),L14+(RU_Raw!L17-L14)/3,""))) -> 113.5 | M15: =IF(ISNUMBER(RU_Raw!M15),RU_Raw!M15,IF(ISNUMBER(RU_Raw!M16),(M14+RU_Raw!M16)/2,IF(ISNUMBER(RU_Raw!M17),M14+(RU_Raw!M17-M14)/3,""))) -> 183.1 | N15: =IF(ISNUMBER(RU_Raw!N15),RU_Raw!N15,IF(ISNUMBER(RU_Raw!N16),(N14+RU_Raw!N16)/2,IF(ISNUMBER(RU_Raw!N17),N14+(RU_Raw!N17-N14)/3,""))) -> 108.2 | ... AG15: =IF(ISNUMBER(RU_Raw!AG15),RU_Raw!AG15,IF(ISNUMBER(RU_Raw!AG16),(AG14+RU_Raw!AG16)/2,IF(ISNUMBER(RU_Raw!AG17),AG14+(RU_Raw!AG17-AG14)/3,""))) -> 116.3 | AH15: =SUM(G15:R15) -> 1416.2
A16: =RU_Raw!A16 -> 2013 | B16: =RU_Raw!B16 -> 12 | C16: =RU_Raw!C16 -> December | D16: =RU_Raw!D16 -> 41609 | E16: =COUNTBLANK(RU_Raw!G16:AG16) -> 0 | F16: =IF(E16>0,"Imputed","") | G16: =IF(ISNUMBER(RU_Raw!G16),RU_Raw!G16,IF(ISNUMBER(RU_Raw!G17),(G15+RU_Raw!G17)/2,IF(ISNUMBER(RU_Raw!G18),G15+(RU_Raw!G18-G15)/3,""))) -> 119.1 | H16: =IF(ISNUMBER(RU_Raw!H16),RU_Raw!H16,IF(ISNUMBER(RU_Raw!H17),(H15+RU_Raw!H17)/2,IF(ISNUMBER(RU_Raw!H18),H15+(RU_Raw!H18-H15)/3,""))) -> 116.7 | I16: =IF(ISNUMBER(RU_Raw!I16),RU_Raw!I16,IF(ISNUMBER(RU_Raw!I17),(I15+RU_Raw!I17)/2,IF(ISNUMBER(RU_Raw!I18),I15+(RU_Raw!I18-I15)/3,""))) -> 123.5 | J16: =IF(ISNUMBER(RU_Raw!J16),RU_Raw!J16,IF(ISNUMBER(RU_Raw!J17),(J15+RU_Raw!J17)/2,IF(ISNUMBER(RU_Raw!J18),J15+(RU_Raw!J18-J15)/3,""))) -> 113.4 | K16: =IF(ISNUMBER(RU_Raw!K16),RU_Raw!K16,IF(ISNUMBER(RU_Raw!K17),(K15+RU_Raw!K17)/2,IF(ISNUMBER(RU_Raw!K18),K15+(RU_Raw!K18-K15)/3,""))) -> 107.3 | L16: =IF(ISNUMBER(RU_Raw!L16),RU_Raw!L16,IF(ISNUMBER(RU_Raw!L17),(L15+RU_Raw!L17)/2,IF(ISNUMBER(RU_Raw!L18),L15+(RU_Raw!L18-L15)/3,""))) -> 113.3 | M16: =IF(ISNUMBER(RU_Raw!M16),RU_Raw!M16,IF(ISNUMBER(RU_Raw!M17),(M15+RU_Raw!M17)/2,IF(ISNUMBER(RU_Raw!M18),M15+(RU_Raw!M18-M15)/3,""))) -> 145.4 | N16: =IF(ISNUMBER(RU_Raw!N16),RU_Raw!N16,IF(ISNUMBER(RU_Raw!N17),(N15+RU_Raw!N17)/2,IF(ISNUMBER(RU_Raw!N18),N15+(RU_Raw!N18-N15)/3,""))) -> 108.7 | ... AG16: =IF(ISNUMBER(RU_Raw!AG16),RU_Raw!AG16,IF(ISNUMBER(RU_Raw!AG17),(AG15+RU_Raw!AG17)/2,IF(ISNUMBER(RU_Raw!AG18),AG15+(RU_Raw!AG18-AG15)/3,""))) -> 114.5 | AH16: =SUM(G16:R16) -> 1388.9
... A129: =RU_Raw!A129 -> 2023 | B129: =RU_Raw!B129 -> 5 | C129: =RU_Raw!C129 -> May | D129: =RU_Raw!D129 -> 45047 | E129: =COUNTBLANK(RU_Raw!G129:AG129) -> 0 | F129: =IF(E129>0,"Imputed","") | G129: =IF(ISNUMBER(RU_Raw!G129),RU_Raw!G129,IF(ISNUMBER(RU_Raw!G130),(G128+RU_Raw!G130)/2,IF(ISNUMBER(RU_Raw!G131),G128+(RU_Raw!G131-G128)/3,""))) -> 173.7 | H129: =IF(ISNUMBER(RU_Raw!H129),RU_Raw!H129,IF(ISNUMBER(RU_Raw!H130),(H128+RU_Raw!H130)/2,IF(ISNUMBER(RU_Raw!H131),H128+(RU_Raw!H131-H128)/3,""))) -> 214.3 | I129: =IF(ISNUMBER(RU_Raw!I129),RU_Raw!I129,IF(ISNUMBER(RU_Raw!I130),(I128+RU_Raw!I130)/2,IF(ISNUMBER(RU_Raw!I131),I128+(RU_Raw!I131-I128)/3,""))) -> 173.2 | J129: =IF(ISNUMBER(RU_Raw!J129),RU_Raw!J129,IF(ISNUMBER(RU_Raw!J130),(J128+RU_Raw!J130)/2,IF(ISNUMBER(RU_Raw!J131),J128+(RU_Raw!J131-J128)/3,""))) -> 179.5 | K129: =IF(ISNUMBER(RU_Raw!K129),RU_Raw!K129,IF(ISNUMBER(RU_Raw!K130),(K128+RU_Raw!K130)/2,IF(ISNUMBER(RU_Raw!K131),K128+(RU_Raw!K131-K128)/3,""))) -> 170 | L129: =IF(ISNUMBER(RU_Raw!L129),RU_Raw!L129,IF(ISNUMBER(RU_Raw!L130),(L128+RU_Raw!L130)/2,IF(ISNUMBER(RU_Raw!L131),L128+(RU_Raw!L131-L128)/3,""))) -> 172.2 | M129: =IF(ISNUMBER(RU_Raw!M129),RU_Raw!M129,IF(ISNUMBER(RU_Raw!M130),(M128+RU_Raw!M130)/2,IF(ISNUMBER(RU_Raw!M131),M128+(RU_Raw!M131-M128)/3,""))) -> 161 | N129: =IF(ISNUMBER(RU_Raw!N129),RU_Raw!N129,IF(ISNUMBER(RU_Raw!N130),(N128+RU_Raw!N130)/2,IF(ISNUMBER(RU_Raw!N131),N128+(RU_Raw!N131-N128)/3,""))) -> 175.6 | ... AG129: =IF(ISNUMBER(RU_Raw!AG129),RU_Raw!AG129,IF(ISNUMBER(RU_Raw!AG130),(AG128+RU_Raw!AG130)/2,IF(ISNUMBER(RU_Raw!AG131),AG128+(RU_Raw!AG131-AG128)/3,""))) -> 179.1 | AH129: =SUM(G129:R129) -> 2127.8

Sheet MoM
A1: Month-on-month inflation % (Rural+Urban)
A2: Formula: (current - earlier) / earlier x 100, from RU_Clean
A4: Year | B4: MonthNo | C4: Month | D4: Date | G4: Cereals and products | H4: Meat and fish | I4: Egg | J4: Milk and products | K4: Oils and fats | L4: Fruits | M4: Vegetables | N4: Pulses and products | O4: Sugar and Confectionery | P4: Spices | Q4: Non-alcoholic beverages | R4: Prepared meals, snacks, sweets etc. | S4: Food and beverages | T4: Pan, tobacco and intoxicants | U4: Clothing | V4: Footwear | W4: Clothing and footwear | X4: Housing | Y4: Fuel and light | Z4: Household goods and services | AA4: Health | AB4: Transport and communication | AC4: Recreation and amusement | AD4: Education | AE4: Personal care and effects | AF4: Miscellaneous | AG4: General index | AH4: Food bucket (sum of 12 food items)
A5: =RU_Clean!A5 -> 2013 | B5: =RU_Clean!B5 -> 1 | C5: =RU_Clean!C5 -> January | D5: =RU_Clean!D5 -> 41275
A6: =RU_Clean!A6 -> 2013 | B6: =RU_Clean!B6 -> 2 | C6: =RU_Clean!C6 -> February | D6: =RU_Clean!D6 -> 41306 | G6: =IF(AND(ISNUMBER(RU_Clean!G6),ISNUMBER(RU_Clean!G5)),(RU_Clean!G6-RU_Clean!G5)/RU_Clean!G5*100,"") -> 1.8450185 | H6: =IF(AND(ISNUMBER(RU_Clean!H6),ISNUMBER(RU_Clean!H5)),(RU_Clean!H6-RU_Clean!H5)/RU_Clean!H5*100,"") -> 2.7027027 | I6: =IF(AND(ISNUMBER(RU_Clean!I6),ISNUMBER(RU_Clean!I5)),(RU_Clean!I6-RU_Clean!I5)/RU_Clean!I5*100,"") -> 2.5454545 | J6: =IF(AND(ISNUMBER(RU_Clean!J6),ISNUMBER(RU_Clean!J5)),(RU_Clean!J6-RU_Clean!J5)/RU_Clean!J5*100,"") -> 0.4789272 | K6: =IF(AND(ISNUMBER(RU_Clean!K6),ISNUMBER(RU_Clean!K5)),(RU_Clean!K6-RU_Clean!K5)/RU_Clean!K5*100,"") -> 0.38058991 | L6: =IF(AND(ISNUMBER(RU_Clean!L6),ISNUMBER(RU_Clean!L5)),(RU_Clean!L6-RU_Clean!L5)/RU_Clean!L5*100,"") -> 0.3875969 | M6: =IF(AND(ISNUMBER(RU_Clean!M6),ISNUMBER(RU_Clean!M5)),(RU_Clean!M6-RU_Clean!M5)/RU_Clean!M5*100,"") -> 0.97847358 | N6: =IF(AND(ISNUMBER(RU_Clean!N6),ISNUMBER(RU_Clean!N5)),(RU_Clean!N6-RU_Clean!N5)/RU_Clean!N5*100,"") -> -0.66037736 | ... AH6: =IF(AND(ISNUMBER(RU_Clean!AH6),ISNUMBER(RU_Clean!AH5)),(RU_Clean!AH6-RU_Clean!AH5)/RU_Clean!AH5*100,"") -> 0.78094186
A7: =RU_Clean!A7 -> 2013 | B7: =RU_Clean!B7 -> 3 | C7: =RU_Clean!C7 -> March | D7: =RU_Clean!D7 -> 41334 | G7: =IF(AND(ISNUMBER(RU_Clean!G7),ISNUMBER(RU_Clean!G6)),(RU_Clean!G7-RU_Clean!G6)/RU_Clean!G6*100,"") -> 0.9057971 | H7: =IF(AND(ISNUMBER(RU_Clean!H7),ISNUMBER(RU_Clean!H6)),(RU_Clean!H7-RU_Clean!H6)/RU_Clean!H6*100,"") -> -0.45372051 | I7: =IF(AND(ISNUMBER(RU_Clean!I7),ISNUMBER(RU_Clean!I6)),(RU_Clean!I7-RU_Clean!I6)/RU_Clean!I6*100,"") -> -1.4184397 | J7: =IF(AND(ISNUMBER(RU_Clean!J7),ISNUMBER(RU_Clean!J6)),(RU_Clean!J7-RU_Clean!J6)/RU_Clean!J6*100,"") -> 0.19065777 | K7: =IF(AND(ISNUMBER(RU_Clean!K7),ISNUMBER(RU_Clean!K6)),(RU_Clean!K7-RU_Clean!K6)/RU_Clean!K6*100,"") -> -0.56872038 | L7: =IF(AND(ISNUMBER(RU_Clean!L7),ISNUMBER(RU_Clean!L6)),(RU_Clean!L7-RU_Clean!L6)/RU_Clean!L6*100,"") -> 1.6409266 | M7: =IF(AND(ISNUMBER(RU_Clean!M7),ISNUMBER(RU_Clean!M6)),(RU_Clean!M7-RU_Clean!M6)/RU_Clean!M6*100,"") -> -0.96899225 | N7: =IF(AND(ISNUMBER(RU_Clean!N7),ISNUMBER(RU_Clean!N6)),(RU_Clean!N7-RU_Clean!N6)/RU_Clean!N6*100,"") -> -0.28490028 | ... AH7: =IF(AND(ISNUMBER(RU_Clean!AH7),ISNUMBER(RU_Clean!AH6)),(RU_Clean!AH7-RU_Clean!AH6)/RU_Clean!AH6*100,"") -> -0.03913588
A8: =RU_Clean!A8 -> 2013 | B8: =RU_Clean!B8 -> 4 | C8: =RU_Clean!C8 -> April | D8: =RU_Clean!D8 -> 41365 | G8: =IF(AND(ISNUMBER(RU_Clean!G8),ISNUMBER(RU_Clean!G7)),(RU_Clean!G8-RU_Clean!G7)/RU_Clean!G7*100,"") -> 0.17953321 | H8: =IF(AND(ISNUMBER(RU_Clean!H8),ISNUMBER(RU_Clean!H7)),(RU_Clean!H8-RU_Clean!H7)/RU_Clean!H7*100,"") -> 1.0938924 | I8: =IF(AND(ISNUMBER(RU_Clean!I8),ISNUMBER(RU_Clean!I7)),(RU_Clean!I8-RU_Clean!I7)/RU_Clean!I7*100,"") -> -4.1366906 | J8: =IF(AND(ISNUMBER(RU_Clean!J8),ISNUMBER(RU_Clean!J7)),(RU_Clean!J8-RU_Clean!J7)/RU_Clean!J7*100,"") -> 0.57088487 | K8: =IF(AND(ISNUMBER(RU_Clean!K8),ISNUMBER(RU_Clean!K7)),(RU_Clean!K8-RU_Clean!K7)/RU_Clean!K7*100,"") -> -0.47664442 | L8: =IF(AND(ISNUMBER(RU_Clean!L8),ISNUMBER(RU_Clean!L7)),(RU_Clean!L8-RU_Clean!L7)/RU_Clean!L7*100,"") -> 3.4188034 | M8: =IF(AND(ISNUMBER(RU_Clean!M8),ISNUMBER(RU_Clean!M7)),(RU_Clean!M8-RU_Clean!M7)/RU_Clean!M7*100,"") -> 3.2289628 | N8: =IF(AND(ISNUMBER(RU_Clean!N8),ISNUMBER(RU_Clean!N7)),(RU_Clean!N8-RU_Clean!N7)/RU_Clean!N7*100,"") -> 0.28571429 | ... AH8: =IF(AND(ISNUMBER(RU_Clean!AH8),ISNUMBER(RU_Clean!AH7)),(RU_Clean!AH8-RU_Clean!AH7)/RU_Clean!AH7*100,"") -> 0.42283298
A9: =RU_Clean!A9 -> 2013 | B9: =RU_Clean!B9 -> 5 | C9: =RU_Clean!C9 -> May | D9: =RU_Clean!D9 -> 41395 | G9: =IF(AND(ISNUMBER(RU_Clean!G9),ISNUMBER(RU_Clean!G8)),(RU_Clean!G9-RU_Clean!G8)/RU_Clean!G8*100,"") -> 0.62724014 | H9: =IF(AND(ISNUMBER(RU_Clean!H9),ISNUMBER(RU_Clean!H8)),(RU_Clean!H9-RU_Clean!H8)/RU_Clean!H8*100,"") -> 0.3606853 | I9: =IF(AND(ISNUMBER(RU_Clean!I9),ISNUMBER(RU_Clean!I8)),(RU_Clean!I9-RU_Clean!I8)/RU_Clean!I8*100,"") -> -1.782364 | J9: =IF(AND(ISNUMBER(RU_Clean!J9),ISNUMBER(RU_Clean!J8)),(RU_Clean!J9-RU_Clean!J8)/RU_Clean!J8*100,"") -> 1.0406812 | K9: =IF(AND(ISNUMBER(RU_Clean!K9),ISNUMBER(RU_Clean!K8)),(RU_Clean!K9-RU_Clean!K8)/RU_Clean!K8*100,"") -> -0.4789272 | L9: =IF(AND(ISNUMBER(RU_Clean!L9),ISNUMBER(RU_Clean!L8)),(RU_Clean!L9-RU_Clean!L8)/RU_Clean!L8*100,"") -> 0.36730946 | M9: =IF(AND(ISNUMBER(RU_Clean!M9),ISNUMBER(RU_Clean!M8)),(RU_Clean!M9-RU_Clean!M8)/RU_Clean!M8*100,"") -> 7.014218 | N9: =IF(AND(ISNUMBER(RU_Clean!N9),ISNUMBER(RU_Clean!N8)),(RU_Clean!N9-RU_Clean!N8)/RU_Clean!N8*100,"") -> 0.47483381 | ... AH9: =IF(AND(ISNUMBER(RU_Clean!AH9),ISNUMBER(RU_Clean!AH8)),(RU_Clean!AH9-RU_Clean!AH8)/RU_Clean!AH8*100,"") -> 0.81871345
A10: =RU_Clean!A10 -> 2013 | B10: =RU_Clean!B10 -> 6 | C10: =RU_Clean!C10 -> June | D10: =RU_Clean!D10 -> 41426 | G10: =IF(AND(ISNUMBER(RU_Clean!G10),ISNUMBER(RU_Clean!G9)),(RU_Clean!G10-RU_Clean!G9)/RU_Clean!G9*100,"") -> 1.3357079 | H10: =IF(AND(ISNUMBER(RU_Clean!H10),ISNUMBER(RU_Clean!H9)),(RU_Clean!H10-RU_Clean!H9)/RU_Clean!H9*100,"") -> 3.2345013 | I10: =IF(AND(ISNUMBER(RU_Clean!I10),ISNUMBER(RU_Clean!I9)),(RU_Clean!I10-RU_Clean!I9)/RU_Clean!I9*100,"") -> 4.8710602 | J10: =IF(AND(ISNUMBER(RU_Clean!J10),ISNUMBER(RU_Clean!J9)),(RU_Clean!J10-RU_Clean!J9)/RU_Clean!J9*100,"") -> 1.0299625 | K10: =IF(AND(ISNUMBER(RU_Clean!K10),ISNUMBER(RU_Clean!K9)),(RU_Clean!K10-RU_Clean!K9)/RU_Clean!K9*100,"") -> 0.28873917 | L10: =IF(AND(ISNUMBER(RU_Clean!L10),ISNUMBER(RU_Clean!L9)),(RU_Clean!L10-RU_Clean!L9)/RU_Clean!L9*100,"") -> 1.2808783 | M10: =IF(AND(ISNUMBER(RU_Clean!M10),ISNUMBER(RU_Clean!M9)),(RU_Clean!M10-RU_Clean!M9)/RU_Clean!M9*100,"") -> 12.223206 | N10: =IF(AND(ISNUMBER(RU_Clean!N10),ISNUMBER(RU_Clean!N9)),(RU_Clean!N10-RU_Clean!N9)/RU_Clean!N9*100,"") -> 0.47258979 | ... AH10: =IF(AND(ISNUMBER(RU_Clean!AH10),ISNUMBER(RU_Clean!AH9)),(RU_Clean!AH10-RU_Clean!AH9)/RU_Clean!AH9*100,"") -> 2.3820572
A11: =RU_Clean!A11 -> 2013 | B11: =RU_Clean!B11 -> 7 | C11: =RU_Clean!C11 -> July | D11: =RU_Clean!D11 -> 41456 | G11: =IF(AND(ISNUMBER(RU_Clean!G11),ISNUMBER(RU_Clean!G10)),(RU_Clean!G11-RU_Clean!G10)/RU_Clean!G10*100,"") -> 0.87873462 | H11: =IF(AND(ISNUMBER(RU_Clean!H11),ISNUMBER(RU_Clean!H10)),(RU_Clean!H11-RU_Clean!H10)/RU_Clean!H10*100,"") -> 1.305483 | I11: =IF(AND(ISNUMBER(RU_Clean!I11),ISNUMBER(RU_Clean!I10)),(RU_Clean!I11-RU_Clean!I10)/RU_Clean!I10*100,"") -> 1.9125683 | J11: =IF(AND(ISNUMBER(RU_Clean!J11),ISNUMBER(RU_Clean!J10)),(RU_Clean!J11-RU_Clean!J10)/RU_Clean!J10*100,"") -> 0.92678406 | K11: =IF(AND(ISNUMBER(RU_Clean!K11),ISNUMBER(RU_Clean!K10)),(RU_Clean!K11-RU_Clean!K10)/RU_Clean!K10*100,"") -> 0.09596929 | L11: =IF(AND(ISNUMBER(RU_Clean!L11),ISNUMBER(RU_Clean!L10)),(RU_Clean!L11-RU_Clean!L10)/RU_Clean!L10*100,"") -> 0.90334237 | M11: =IF(AND(ISNUMBER(RU_Clean!M11),ISNUMBER(RU_Clean!M10)),(RU_Clean!M11-RU_Clean!M10)/RU_Clean!M10*100,"") -> 10.497238 | N11: =IF(AND(ISNUMBER(RU_Clean!N11),ISNUMBER(RU_Clean!N10)),(RU_Clean!N11-RU_Clean!N10)/RU_Clean!N10*100,"") -> 0.094073377 | ... AH11: =IF(AND(ISNUMBER(RU_Clean!AH11),ISNUMBER(RU_Clean!AH10)),(RU_Clean!AH11-RU_Clean!AH10)/RU_Clean!AH10*100,"") -> 1.7298686
A12: =RU_Clean!A12 -> 2013 | B12: =RU_Clean!B12 -> 8 | C12: =RU_Clean!C12 -> August | D12: =RU_Clean!D12 -> 41487 | G12: =IF(AND(ISNUMBER(RU_Clean!G12),ISNUMBER(RU_Clean!G11)),(RU_Clean!G12-RU_Clean!G11)/RU_Clean!G11*100,"") -> 0.69686411 | H12: =IF(AND(ISNUMBER(RU_Clean!H12),ISNUMBER(RU_Clean!H11)),(RU_Clean!H12-RU_Clean!H11)/RU_Clean!H11*100,"") -> 0.68728522 | I12: =IF(AND(ISNUMBER(RU_Clean!I12),ISNUMBER(RU_Clean!I11)),(RU_Clean!I12-RU_Clean!I11)/RU_Clean!I11*100,"") -> -0.17873101 | J12: =IF(AND(ISNUMBER(RU_Clean!J12),ISNUMBER(RU_Clean!J11)),(RU_Clean!J12-RU_Clean!J11)/RU_Clean!J11*100,"") -> 0.64279155 | K12: =IF(AND(ISNUMBER(RU_Clean!K12),ISNUMBER(RU_Clean!K11)),(RU_Clean!K12-RU_Clean!K11)/RU_Clean!K11*100,"") -> 0.19175455 | L12: =IF(AND(ISNUMBER(RU_Clean!L12),ISNUMBER(RU_Clean!L11)),(RU_Clean!L12-RU_Clean!L11)/RU_Clean!L11*100,"") -> -1.7009848 | M12: =IF(AND(ISNUMBER(RU_Clean!M12),ISNUMBER(RU_Clean!M11)),(RU_Clean!M12-RU_Clean!M11)/RU_Clean!M11*100,"") -> 8.4285714 | N12: =IF(AND(ISNUMBER(RU_Clean!N12),ISNUMBER(RU_Clean!N11)),(RU_Clean!N12-RU_Clean!N11)/RU_Clean!N11*100,"") -> 0.093984962 | ... AH12: =IF(AND(ISNUMBER(RU_Clean!AH12),ISNUMBER(RU_Clean!AH11)),(RU_Clean!AH12-RU_Clean!AH11)/RU_Clean!AH11*100,"") -> 1.0470038
A13: =RU_Clean!A13 -> 2013 | B13: =RU_Clean!B13 -> 9 | C13: =RU_Clean!C13 -> September | D13: =RU_Clean!D13 -> 41518 | G13: =IF(AND(ISNUMBER(RU_Clean!G13),ISNUMBER(RU_Clean!G12)),(RU_Clean!G13-RU_Clean!G12)/RU_Clean!G12*100,"") -> 0.69204152 | H13: =IF(AND(ISNUMBER(RU_Clean!H13),ISNUMBER(RU_Clean!H12)),(RU_Clean!H13-RU_Clean!H12)/RU_Clean!H12*100,"") -> -0.2559727 | I13: =IF(AND(ISNUMBER(RU_Clean!I13),ISNUMBER(RU_Clean!I12)),(RU_Clean!I13-RU_Clean!I12)/RU_Clean!I12*100,"") -> 0.53715309 | J13: =IF(AND(ISNUMBER(RU_Clean!J13),ISNUMBER(RU_Clean!J12)),(RU_Clean!J13-RU_Clean!J12)/RU_Clean!J12*100,"") -> 0.82116788 | K13: =IF(AND(ISNUMBER(RU_Clean!K13),ISNUMBER(RU_Clean!K12)),(RU_Clean!K13-RU_Clean!K12)/RU_Clean!K12*100,"") -> 0.76555024 | L13: =IF(AND(ISNUMBER(RU_Clean!L13),ISNUMBER(RU_Clean!L12)),(RU_Clean!L13-RU_Clean!L12)/RU_Clean!L12*100,"") -> -2.276867 | M13: =IF(AND(ISNUMBER(RU_Clean!M13),ISNUMBER(RU_Clean!M12)),(RU_Clean!M13-RU_Clean!M12)/RU_Clean!M12*100,"") -> 5.9947299 | N13: =IF(AND(ISNUMBER(RU_Clean!N13),ISNUMBER(RU_Clean!N12)),(RU_Clean!N13-RU_Clean!N12)/RU_Clean!N12*100,"") -> 0.56338028 | ... AH13: =IF(AND(ISNUMBER(RU_Clean!AH13),ISNUMBER(RU_Clean!AH12)),(RU_Clean!AH13-RU_Clean!AH12)/RU_Clean!AH12*100,"") -> 0.92592593
A14: =RU_Clean!A14 -> 2013 | B14: =RU_Clean!B14 -> 10 | C14: =RU_Clean!C14 -> October | D14: =RU_Clean!D14 -> 41548 | G14: =IF(AND(ISNUMBER(RU_Clean!G14),ISNUMBER(RU_Clean!G13)),(RU_Clean!G14-RU_Clean!G13)/RU_Clean!G13*100,"") -> 0.60137457 | H14: =IF(AND(ISNUMBER(RU_Clean!H14),ISNUMBER(RU_Clean!H13)),(RU_Clean!H14-RU_Clean!H13)/RU_Clean!H13*100,"") -> -0.5132592 | I14: =IF(AND(ISNUMBER(RU_Clean!I14),ISNUMBER(RU_Clean!I13)),(RU_Clean!I14-RU_Clean!I13)/RU_Clean!I13*100,"") -> 0.89047195 | J14: =IF(AND(ISNUMBER(RU_Clean!J14),ISNUMBER(RU_Clean!J13)),(RU_Clean!J14-RU_Clean!J13)/RU_Clean!J13*100,"") -> 0.63348416 | K14: =IF(AND(ISNUMBER(RU_Clean!K14),ISNUMBER(RU_Clean!K13)),(RU_Clean!K14-RU_Clean!K13)/RU_Clean!K13*100,"") -> 0.37986705 | L14: =IF(AND(ISNUMBER(RU_Clean!L14),ISNUMBER(RU_Clean!L13)),(RU_Clean!L14-RU_Clean!L13)/RU_Clean!L13*100,"") -> 2.4231128 | M14: =IF(AND(ISNUMBER(RU_Clean!M14),ISNUMBER(RU_Clean!M13)),(RU_Clean!M14-RU_Clean!M13)/RU_Clean!M13*100,"") -> 6.4014916 | N14: =IF(AND(ISNUMBER(RU_Clean!N14),ISNUMBER(RU_Clean!N13)),(RU_Clean!N14-RU_Clean!N13)/RU_Clean!N13*100,"") -> 0.18674136 | ... AH14: =IF(AND(ISNUMBER(RU_Clean!AH14),ISNUMBER(RU_Clean!AH13)),(RU_Clean!AH14-RU_Clean!AH13)/RU_Clean!AH13*100,"") -> 1.2086792
A15: =RU_Clean!A15 -> 2013 | B15: =RU_Clean!B15 -> 11 | C15: =RU_Clean!C15 -> November | D15: =RU_Clean!D15 -> 41579 | G15: =IF(AND(ISNUMBER(RU_Clean!G15),ISNUMBER(RU_Clean!G14)),(RU_Clean!G15-RU_Clean!G14)/RU_Clean!G14*100,"") -> 0.85397096 | H15: =IF(AND(ISNUMBER(RU_Clean!H15),ISNUMBER(RU_Clean!H14)),(RU_Clean!H15-RU_Clean!H14)/RU_Clean!H14*100,"") -> -0.77386071 | I15: =IF(AND(ISNUMBER(RU_Clean!I15),ISNUMBER(RU_Clean!I14)),(RU_Clean!I15-RU_Clean!I14)/RU_Clean!I14*100,"") -> 4.7661077 | J15: =IF(AND(ISNUMBER(RU_Clean!J15),ISNUMBER(RU_Clean!J14)),(RU_Clean!J15-RU_Clean!J14)/RU_Clean!J14*100,"") -> 1.1690647 | K15: =IF(AND(ISNUMBER(RU_Clean!K15),ISNUMBER(RU_Clean!K14)),(RU_Clean!K15-RU_Clean!K14)/RU_Clean!K14*100,"") -> 1.0406812 | L15: =IF(AND(ISNUMBER(RU_Clean!L15),ISNUMBER(RU_Clean!L14)),(RU_Clean!L15-RU_Clean!L14)/RU_Clean!L14*100,"") -> 3.2757052 | M15: =IF(AND(ISNUMBER(RU_Clean!M15),ISNUMBER(RU_Clean!M14)),(RU_Clean!M15-RU_Clean!M14)/RU_Clean!M14*100,"") -> 6.9509346 | N15: =IF(AND(ISNUMBER(RU_Clean!N15),ISNUMBER(RU_Clean!N14)),(RU_Clean!N15-RU_Clean!N14)/RU_Clean!N14*100,"") -> 0.8387698 | ... AH15: =IF(AND(ISNUMBER(RU_Clean!AH15),ISNUMBER(RU_Clean!AH14)),(RU_Clean!AH15-RU_Clean!AH14)/RU_Clean!AH14*100,"") -> 1.8848921
A16: =RU_Clean!A16 -> 2013 | B16: =RU_Clean!B16 -> 12 | C16: =RU_Clean!C16 -> December | D16: =RU_Clean!D16 -> 41609 | G16: =IF(AND(ISNUMBER(RU_Clean!G16),ISNUMBER(RU_Clean!G15)),(RU_Clean!G16-RU_Clean!G15)/RU_Clean!G15*100,"") -> 0.84674005 | H16: =IF(AND(ISNUMBER(RU_Clean!H16),ISNUMBER(RU_Clean!H15)),(RU_Clean!H16-RU_Clean!H15)/RU_Clean!H15*100,"") -> 1.1265165 | I16: =IF(AND(ISNUMBER(RU_Clean!I16),ISNUMBER(RU_Clean!I15)),(RU_Clean!I16-RU_Clean!I15)/RU_Clean!I15*100,"") -> 4.0438079 | J16: =IF(AND(ISNUMBER(RU_Clean!J16),ISNUMBER(RU_Clean!J15)),(RU_Clean!J16-RU_Clean!J15)/RU_Clean!J15*100,"") -> 0.8 | K16: =IF(AND(ISNUMBER(RU_Clean!K16),ISNUMBER(RU_Clean!K15)),(RU_Clean!K16-RU_Clean!K15)/RU_Clean!K15*100,"") -> 0.46816479 | L16: =IF(AND(ISNUMBER(RU_Clean!L16),ISNUMBER(RU_Clean!L15)),(RU_Clean!L16-RU_Clean!L15)/RU_Clean!L15*100,"") -> -0.17621145 | M16: =IF(AND(ISNUMBER(RU_Clean!M16),ISNUMBER(RU_Clean!M15)),(RU_Clean!M16-RU_Clean!M15)/RU_Clean!M15*100,"") -> -20.589842 | N16: =IF(AND(ISNUMBER(RU_Clean!N16),ISNUMBER(RU_Clean!N15)),(RU_Clean!N16-RU_Clean!N15)/RU_Clean!N15*100,"") -> 0.46210721 | ... AH16: =IF(AND(ISNUMBER(RU_Clean!AH16),ISNUMBER(RU_Clean!AH15)),(RU_Clean!AH16-RU_Clean!AH15)/RU_Clean!AH15*100,"") -> -1.9276938
A17: =RU_Clean!A17 -> 2014 | B17: =RU_Clean!B17 -> 1 | C17: =RU_Clean!C17 -> January | D17: =RU_Clean!D17 -> 41640 | G17: =IF(AND(ISNUMBER(RU_Clean!G17),ISNUMBER(RU_Clean!G16)),(RU_Clean!G17-RU_Clean!G16)/RU_Clean!G16*100,"") -> 0.41981528 | H17: =IF(AND(ISNUMBER(RU_Clean!H17),ISNUMBER(RU_Clean!H16)),(RU_Clean!H17-RU_Clean!H16)/RU_Clean!H16*100,"") -> 1.7994859 | I17: =IF(AND(ISNUMBER(RU_Clean!I17),ISNUMBER(RU_Clean!I16)),(RU_Clean!I17-RU_Clean!I16)/RU_Clean!I16*100,"") -> 0.48582996 | J17: =IF(AND(ISNUMBER(RU_Clean!J17),ISNUMBER(RU_Clean!J16)),(RU_Clean!J17-RU_Clean!J16)/RU_Clean!J16*100,"") -> 0.61728395 | K17: =IF(AND(ISNUMBER(RU_Clean!K17),ISNUMBER(RU_Clean!K16)),(RU_Clean!K17-RU_Clean!K16)/RU_Clean!K16*100,"") -> -0.46598322 | L17: =IF(AND(ISNUMBER(RU_Clean!L17),ISNUMBER(RU_Clean!L16)),(RU_Clean!L17-RU_Clean!L16)/RU_Clean!L16*100,"") -> 0.52956752 | M17: =IF(AND(ISNUMBER(RU_Clean!M17),ISNUMBER(RU_Clean!M16)),(RU_Clean!M17-RU_Clean!M16)/RU_Clean!M16*100,"") -> -15.955983 | N17: =IF(AND(ISNUMBER(RU_Clean!N17),ISNUMBER(RU_Clean!N16)),(RU_Clean!N17-RU_Clean!N16)/RU_Clean!N16*100,"") -> 0.18399264 | ... AH17: =IF(AND(ISNUMBER(RU_Clean!AH17),ISNUMBER(RU_Clean!AH16)),(RU_Clean!AH17-RU_Clean!AH16)/RU_Clean!AH16*100,"") -> -1.3607891
... A129: =RU_Clean!A129 -> 2023 | B129: =RU_Clean!B129 -> 5 | C129: =RU_Clean!C129 -> May | D129: =RU_Clean!D129 -> 45047 | G129: =IF(AND(ISNUMBER(RU_Clean!G129),ISNUMBER(RU_Clean!G128)),(RU_Clean!G129-RU_Clean!G128)/RU_Clean!G128*100,"") -> -0.057537399 | H129: =IF(AND(ISNUMBER(RU_Clean!H129),ISNUMBER(RU_Clean!H128)),(RU_Clean!H129-RU_Clean!H128)/RU_Clean!H128*100,"") -> 2.3889154 | I129: =IF(AND(ISNUMBER(RU_Clean!I129),ISNUMBER(RU_Clean!I128)),(RU_Clean!I129-RU_Clean!I128)/RU_Clean!I128*100,"") -> 2.1226415 | J129: =IF(AND(ISNUMBER(RU_Clean!J129),ISNUMBER(RU_Clean!J128)),(RU_Clean!J129-RU_Clean!J128)/RU_Clean!J128*100,"") -> 0.61659193 | K129: =IF(AND(ISNUMBER(RU_Clean!K129),ISNUMBER(RU_Clean!K128)),(RU_Clean!K129-RU_Clean!K128)/RU_Clean!K128*100,"") -> -2.8016009 | L129: =IF(AND(ISNUMBER(RU_Clean!L129),ISNUMBER(RU_Clean!L128)),(RU_Clean!L129-RU_Clean!L128)/RU_Clean!L128*100,"") -> -2.3255814 | M129: =IF(AND(ISNUMBER(RU_Clean!M129),ISNUMBER(RU_Clean!M128)),(RU_Clean!M129-RU_Clean!M128)/RU_Clean!M128*100,"") -> 3.6036036 | N129: =IF(AND(ISNUMBER(RU_Clean!N129),ISNUMBER(RU_Clean!N128)),(RU_Clean!N129-RU_Clean!N128)/RU_Clean!N128*100,"") -> 1.2687428 | ... AH129: =IF(AND(ISNUMBER(RU_Clean!AH129),ISNUMBER(RU_Clean!AH128)),(RU_Clean!AH129-RU_Clean!AH128)/RU_Clean!AH128*100,"") -> 0.7624189

Sheet YoY
A1: Year-on-year inflation % (Rural+Urban)
A2: Formula: (current - earlier) / earlier x 100, from RU_Clean
A4: Year | B4: MonthNo | C4: Month | D4: Date | G4: Cereals and products | H4: Meat and fish | I4: Egg | J4: Milk and products | K4: Oils and fats | L4: Fruits | M4: Vegetables | N4: Pulses and products | O4: Sugar and Confectionery | P4: Spices | Q4: Non-alcoholic beverages | R4: Prepared meals, snacks, sweets etc. | S4: Food and beverages | T4: Pan, tobacco and intoxicants | U4: Clothing | V4: Footwear | W4: Clothing and footwear | X4: Housing | Y4: Fuel and light | Z4: Household goods and services | AA4: Health | AB4: Transport and communication | AC4: Recreation and amusement | AD4: Education | AE4: Personal care and effects | AF4: Miscellaneous | AG4: General index | AH4: Food bucket (sum of 12 food items)
A5: =RU_Clean!A5 -> 2013 | B5: =RU_Clean!B5 -> 1 | C5: =RU_Clean!C5 -> January | D5: =RU_Clean!D5 -> 41275
A6: =RU_Clean!A6 -> 2013 | B6: =RU_Clean!B6 -> 2 | C6: =RU_Clean!C6 -> February | D6: =RU_Clean!D6 -> 41306
A7: =RU_Clean!A7 -> 2013 | B7: =RU_Clean!B7 -> 3 | C7: =RU_Clean!C7 -> March | D7: =RU_Clean!D7 -> 41334
A8: =RU_Clean!A8 -> 2013 | B8: =RU_Clean!B8 -> 4 | C8: =RU_Clean!C8 -> April | D8: =RU_Clean!D8 -> 41365
A9: =RU_Clean!A9 -> 2013 | B9: =RU_Clean!B9 -> 5 | C9: =RU_Clean!C9 -> May | D9: =RU_Clean!D9 -> 41395
A10: =RU_Clean!A10 -> 2013 | B10: =RU_Clean!B10 -> 6 | C10: =RU_Clean!C10 -> June | D10: =RU_Clean!D10 -> 41426
A11: =RU_Clean!A11 -> 2013 | B11: =RU_Clean!B11 -> 7 | C11: =RU_Clean!C11 -> July | D11: =RU_Clean!D11 -> 41456
A12: =RU_Clean!A12 -> 2013 | B12: =RU_Clean!B12 -> 8 | C12: =RU_Clean!C12 -> August | D12: =RU_Clean!D12 -> 41487
A13: =RU_Clean!A13 -> 2013 | B13: =RU_Clean!B13 -> 9 | C13: =RU_Clean!C13 -> September | D13: =RU_Clean!D13 -> 41518
A14: =RU_Clean!A14 -> 2013 | B14: =RU_Clean!B14 -> 10 | C14: =RU_Clean!C14 -> October | D14: =RU_Clean!D14 -> 41548
A15: =RU_Clean!A15 -> 2013 | B15: =RU_Clean!B15 -> 11 | C15: =RU_Clean!C15 -> November | D15: =RU_Clean!D15 -> 41579
A16: =RU_Clean!A16 -> 2013 | B16: =RU_Clean!B16 -> 12 | C16: =RU_Clean!C16 -> December | D16: =RU_Clean!D16 -> 41609
A17: =RU_Clean!A17 -> 2014 | B17: =RU_Clean!B17 -> 1 | C17: =RU_Clean!C17 -> January | D17: =RU_Clean!D17 -> 41640 | G17: =IF(AND(ISNUMBER(RU_Clean!G17),ISNUMBER(RU_Clean!G5)),(RU_Clean!G17-RU_Clean!G5)/RU_Clean!G5*100,"") -> 10.332103 | H17: =IF(AND(ISNUMBER(RU_Clean!H17),ISNUMBER(RU_Clean!H5)),(RU_Clean!H17-RU_Clean!H5)/RU_Clean!H5*100,"") -> 10.717614 | I17: =IF(AND(ISNUMBER(RU_Clean!I17),ISNUMBER(RU_Clean!I5)),(RU_Clean!I17-RU_Clean!I5)/RU_Clean!I5*100,"") -> 12.818182 | J17: =IF(AND(ISNUMBER(RU_Clean!J17),ISNUMBER(RU_Clean!J5)),(RU_Clean!J17-RU_Clean!J5)/RU_Clean!J5*100,"") -> 9.2911877 | K17: =IF(AND(ISNUMBER(RU_Clean!K17),ISNUMBER(RU_Clean!K5)),(RU_Clean!K17-RU_Clean!K5)/RU_Clean!K5*100,"") -> 1.6175071 | L17: =IF(AND(ISNUMBER(RU_Clean!L17),ISNUMBER(RU_Clean!L5)),(RU_Clean!L17-RU_Clean!L5)/RU_Clean!L5*100,"") -> 10.368217 | M17: =IF(AND(ISNUMBER(RU_Clean!M17),ISNUMBER(RU_Clean!M5)),(RU_Clean!M17-RU_Clean!M5)/RU_Clean!M5*100,"") -> 19.569472 | N17: =IF(AND(ISNUMBER(RU_Clean!N17),ISNUMBER(RU_Clean!N5)),(RU_Clean!N17-RU_Clean!N5)/RU_Clean!N5*100,"") -> 2.7358491 | ... AH17: =IF(AND(ISNUMBER(RU_Clean!AH17),ISNUMBER(RU_Clean!AH5)),(RU_Clean!AH17-RU_Clean!AH5)/RU_Clean!AH5*100,"") -> 8.0697326
A18: =RU_Clean!A18 -> 2014 | B18: =RU_Clean!B18 -> 2 | C18: =RU_Clean!C18 -> February | D18: =RU_Clean!D18 -> 41671 | G18: =IF(AND(ISNUMBER(RU_Clean!G18),ISNUMBER(RU_Clean!G6)),(RU_Clean!G18-RU_Clean!G6)/RU_Clean!G6*100,"") -> 8.8768116 | H18: =IF(AND(ISNUMBER(RU_Clean!H18),ISNUMBER(RU_Clean!H6)),(RU_Clean!H18-RU_Clean!H6)/RU_Clean!H6*100,"") -> 8.1669691 | I18: =IF(AND(ISNUMBER(RU_Clean!I18),ISNUMBER(RU_Clean!I6)),(RU_Clean!I18-RU_Clean!I6)/RU_Clean!I6*100,"") -> 8.5992908 | J18: =IF(AND(ISNUMBER(RU_Clean!J18),ISNUMBER(RU_Clean!J6)),(RU_Clean!J18-RU_Clean!J6)/RU_Clean!J6*100,"") -> 9.7235462 | K18: =IF(AND(ISNUMBER(RU_Clean!K18),ISNUMBER(RU_Clean!K6)),(RU_Clean!K18-RU_Clean!K6)/RU_Clean!K6*100,"") -> 1.042654 | L18: =IF(AND(ISNUMBER(RU_Clean!L18),ISNUMBER(RU_Clean!L6)),(RU_Clean!L18-RU_Clean!L6)/RU_Clean!L6*100,"") -> 11.389961 | M18: =IF(AND(ISNUMBER(RU_Clean!M18),ISNUMBER(RU_Clean!M6)),(RU_Clean!M18-RU_Clean!M6)/RU_Clean!M6*100,"") -> 10.949612 | N18: =IF(AND(ISNUMBER(RU_Clean!N18),ISNUMBER(RU_Clean!N6)),(RU_Clean!N18-RU_Clean!N6)/RU_Clean!N6*100,"") -> 3.7986705 | ... AH18: =IF(AND(ISNUMBER(RU_Clean!AH18),ISNUMBER(RU_Clean!AH6)),(RU_Clean!AH18-RU_Clean!AH6)/RU_Clean!AH6*100,"") -> 6.8252974
A19: =RU_Clean!A19 -> 2014 | B19: =RU_Clean!B19 -> 3 | C19: =RU_Clean!C19 -> March | D19: =RU_Clean!D19 -> 41699 | G19: =IF(AND(ISNUMBER(RU_Clean!G19),ISNUMBER(RU_Clean!G7)),(RU_Clean!G19-RU_Clean!G7)/RU_Clean!G7*100,"") -> 8.3482944 | H19: =IF(AND(ISNUMBER(RU_Clean!H19),ISNUMBER(RU_Clean!H7)),(RU_Clean!H19-RU_Clean!H7)/RU_Clean!H7*100,"") -> 8.7511395 | I19: =IF(AND(ISNUMBER(RU_Clean!I19),ISNUMBER(RU_Clean!I7)),(RU_Clean!I19-RU_Clean!I7)/RU_Clean!I7*100,"") -> 8.8129496 | J19: =IF(AND(ISNUMBER(RU_Clean!J19),ISNUMBER(RU_Clean!J7)),(RU_Clean!J19-RU_Clean!J7)/RU_Clean!J7*100,"") -> 10.466223 | K19: =IF(AND(ISNUMBER(RU_Clean!K19),ISNUMBER(RU_Clean!K7)),(RU_Clean!K19-RU_Clean!K7)/RU_Clean!K7*100,"") -> 1.9065777 | L19: =IF(AND(ISNUMBER(RU_Clean!L19),ISNUMBER(RU_Clean!L7)),(RU_Clean!L19-RU_Clean!L7)/RU_Clean!L7*100,"") -> 12.725546 | M19: =IF(AND(ISNUMBER(RU_Clean!M19),ISNUMBER(RU_Clean!M7)),(RU_Clean!M19-RU_Clean!M7)/RU_Clean!M7*100,"") -> 13.796477 | N19: =IF(AND(ISNUMBER(RU_Clean!N19),ISNUMBER(RU_Clean!N7)),(RU_Clean!N19-RU_Clean!N7)/RU_Clean!N7*100,"") -> 4.5714286 | ... AH19: =IF(AND(ISNUMBER(RU_Clean!AH19),ISNUMBER(RU_Clean!AH7)),(RU_Clean!AH19-RU_Clean!AH7)/RU_Clean!AH7*100,"") -> 7.4465586
A20: =RU_Clean!A20 -> 2014 | B20: =RU_Clean!B20 -> 4 | C20: =RU_Clean!C20 -> April | D20: =RU_Clean!D20 -> 41730 | G20: =IF(AND(ISNUMBER(RU_Clean!G20),ISNUMBER(RU_Clean!G8)),(RU_Clean!G20-RU_Clean!G8)/RU_Clean!G8*100,"") -> 8.3333333 | H20: =IF(AND(ISNUMBER(RU_Clean!H20),ISNUMBER(RU_Clean!H8)),(RU_Clean!H20-RU_Clean!H8)/RU_Clean!H8*100,"") -> 8.1154193 | I20: =IF(AND(ISNUMBER(RU_Clean!I20),ISNUMBER(RU_Clean!I8)),(RU_Clean!I20-RU_Clean!I8)/RU_Clean!I8*100,"") -> 9.0056285 | J20: =IF(AND(ISNUMBER(RU_Clean!J20),ISNUMBER(RU_Clean!J8)),(RU_Clean!J20-RU_Clean!J8)/RU_Clean!J8*100,"") -> 10.690634 | K20: =IF(AND(ISNUMBER(RU_Clean!K20),ISNUMBER(RU_Clean!K8)),(RU_Clean!K20-RU_Clean!K8)/RU_Clean!K8*100,"") -> 2.7777778 | L20: =IF(AND(ISNUMBER(RU_Clean!L20),ISNUMBER(RU_Clean!L8)),(RU_Clean!L20-RU_Clean!L8)/RU_Clean!L8*100,"") -> 15.794307 | M20: =IF(AND(ISNUMBER(RU_Clean!M20),ISNUMBER(RU_Clean!M8)),(RU_Clean!M20-RU_Clean!M8)/RU_Clean!M8*100,"") -> 14.407583 | N20: =IF(AND(ISNUMBER(RU_Clean!N20),ISNUMBER(RU_Clean!N8)),(RU_Clean!N20-RU_Clean!N8)/RU_Clean!N8*100,"") -> 5.4131054 | ... AH20: =IF(AND(ISNUMBER(RU_Clean!AH20),ISNUMBER(RU_Clean!AH8)),(RU_Clean!AH20-RU_Clean!AH8)/RU_Clean!AH8*100,"") -> 8.1091618
A21: =RU_Clean!A21 -> 2014 | B21: =RU_Clean!B21 -> 5 | C21: =RU_Clean!C21 -> May | D21: =RU_Clean!D21 -> 41760 | G21: =IF(AND(ISNUMBER(RU_Clean!G21),ISNUMBER(RU_Clean!G9)),(RU_Clean!G21-RU_Clean!G9)/RU_Clean!G9*100,"") -> 7.8361532 | H21: =IF(AND(ISNUMBER(RU_Clean!H21),ISNUMBER(RU_Clean!H9)),(RU_Clean!H21-RU_Clean!H9)/RU_Clean!H9*100,"") -> 9.2542677 | I21: =IF(AND(ISNUMBER(RU_Clean!I21),ISNUMBER(RU_Clean!I9)),(RU_Clean!I21-RU_Clean!I9)/RU_Clean!I9*100,"") -> 10.69723 | J21: =IF(AND(ISNUMBER(RU_Clean!J21),ISNUMBER(RU_Clean!J9)),(RU_Clean!J21-RU_Clean!J9)/RU_Clean!J9*100,"") -> 10.861423 | K21: =IF(AND(ISNUMBER(RU_Clean!K21),ISNUMBER(RU_Clean!K9)),(RU_Clean!K21-RU_Clean!K9)/RU_Clean!K9*100,"") -> 3.6573628 | L21: =IF(AND(ISNUMBER(RU_Clean!L21),ISNUMBER(RU_Clean!L9)),(RU_Clean!L21-RU_Clean!L9)/RU_Clean!L9*100,"") -> 16.834401 | M21: =IF(AND(ISNUMBER(RU_Clean!M21),ISNUMBER(RU_Clean!M9)),(RU_Clean!M21-RU_Clean!M9)/RU_Clean!M9*100,"") -> 10.717449 | N21: =IF(AND(ISNUMBER(RU_Clean!N21),ISNUMBER(RU_Clean!N9)),(RU_Clean!N21-RU_Clean!N9)/RU_Clean!N9*100,"") -> 5.7655955 | ... AH21: =IF(AND(ISNUMBER(RU_Clean!AH21),ISNUMBER(RU_Clean!AH9)),(RU_Clean!AH21-RU_Clean!AH9)/RU_Clean!AH9*100,"") -> 8.2443929
A22: =RU_Clean!A22 -> 2014 | B22: =RU_Clean!B22 -> 6 | C22: =RU_Clean!C22 -> June | D22: =RU_Clean!D22 -> 41791 | G22: =IF(AND(ISNUMBER(RU_Clean!G22),ISNUMBER(RU_Clean!G10)),(RU_Clean!G22-RU_Clean!G10)/RU_Clean!G10*100,"") -> 6.7662566 | H22: =IF(AND(ISNUMBER(RU_Clean!H22),ISNUMBER(RU_Clean!H10)),(RU_Clean!H22-RU_Clean!H10)/RU_Clean!H10*100,"") -> 7.1366406 | I22: =IF(AND(ISNUMBER(RU_Clean!I22),ISNUMBER(RU_Clean!I10)),(RU_Clean!I22-RU_Clean!I10)/RU_Clean!I10*100,"") -> 5.4644809 | J22: =IF(AND(ISNUMBER(RU_Clean!J22),ISNUMBER(RU_Clean!J10)),(RU_Clean!J22-RU_Clean!J10)/RU_Clean!J10*100,"") -> 10.936052 | K22: =IF(AND(ISNUMBER(RU_Clean!K22),ISNUMBER(RU_Clean!K10)),(RU_Clean!K22-RU_Clean!K10)/RU_Clean!K10*100,"") -> 3.4548944 | L22: =IF(AND(ISNUMBER(RU_Clean!L22),ISNUMBER(RU_Clean!L10)),(RU_Clean!L22-RU_Clean!L10)/RU_Clean!L10*100,"") -> 15.898826 | M22: =IF(AND(ISNUMBER(RU_Clean!M22),ISNUMBER(RU_Clean!M10)),(RU_Clean!M22-RU_Clean!M10)/RU_Clean!M10*100,"") -> 4.2620363 | N22: =IF(AND(ISNUMBER(RU_Clean!N22),ISNUMBER(RU_Clean!N10)),(RU_Clean!N22-RU_Clean!N10)/RU_Clean!N10*100,"") -> 5.738476 | ... AH22: =IF(AND(ISNUMBER(RU_Clean!AH22),ISNUMBER(RU_Clean!AH10)),(RU_Clean!AH22-RU_Clean!AH10)/RU_Clean!AH10*100,"") -> 6.76084
A23: =RU_Clean!A23 -> 2014 | B23: =RU_Clean!B23 -> 7 | C23: =RU_Clean!C23 -> July | D23: =RU_Clean!D23 -> 41821 | G23: =IF(AND(ISNUMBER(RU_Clean!G23),ISNUMBER(RU_Clean!G11)),(RU_Clean!G23-RU_Clean!G11)/RU_Clean!G11*100,"") -> 6.6202091 | H23: =IF(AND(ISNUMBER(RU_Clean!H23),ISNUMBER(RU_Clean!H11)),(RU_Clean!H23-RU_Clean!H11)/RU_Clean!H11*100,"") -> 6.443299 | I23: =IF(AND(ISNUMBER(RU_Clean!I23),ISNUMBER(RU_Clean!I11)),(RU_Clean!I23-RU_Clean!I11)/RU_Clean!I11*100,"") -> 5.2725648 | J23: =IF(AND(ISNUMBER(RU_Clean!J23),ISNUMBER(RU_Clean!J11)),(RU_Clean!J23-RU_Clean!J11)/RU_Clean!J11*100,"") -> 11.111111 | K23: =IF(AND(ISNUMBER(RU_Clean!K23),ISNUMBER(RU_Clean!K11)),(RU_Clean!K23-RU_Clean!K11)/RU_Clean!K11*100,"") -> 3.451582 | L23: =IF(AND(ISNUMBER(RU_Clean!L23),ISNUMBER(RU_Clean!L11)),(RU_Clean!L23-RU_Clean!L11)/RU_Clean!L11*100,"") -> 17.457475 | M23: =IF(AND(ISNUMBER(RU_Clean!M23),ISNUMBER(RU_Clean!M11)),(RU_Clean!M23-RU_Clean!M11)/RU_Clean!M11*100,"") -> 12.642857 | N23: =IF(AND(ISNUMBER(RU_Clean!N23),ISNUMBER(RU_Clean!N11)),(RU_Clean!N23-RU_Clean!N11)/RU_Clean!N11*100,"") -> 6.3909774 | ... AH23: =IF(AND(ISNUMBER(RU_Clean!AH23),ISNUMBER(RU_Clean!AH11)),(RU_Clean!AH23-RU_Clean!AH11)/RU_Clean!AH11*100,"") -> 7.7894112
A24: =RU_Clean!A24 -> 2014 | B24: =RU_Clean!B24 -> 8 | C24: =RU_Clean!C24 -> August | D24: =RU_Clean!D24 -> 41852 | G24: =IF(AND(ISNUMBER(RU_Clean!G24),ISNUMBER(RU_Clean!G12)),(RU_Clean!G24-RU_Clean!G12)/RU_Clean!G12*100,"") -> 6.1418685 | H24: =IF(AND(ISNUMBER(RU_Clean!H24),ISNUMBER(RU_Clean!H12)),(RU_Clean!H24-RU_Clean!H12)/RU_Clean!H12*100,"") -> 6.1433447 | I24: =IF(AND(ISNUMBER(RU_Clean!I24),ISNUMBER(RU_Clean!I12)),(RU_Clean!I24-RU_Clean!I12)/RU_Clean!I12*100,"") -> 5.0134288 | J24: =IF(AND(ISNUMBER(RU_Clean!J24),ISNUMBER(RU_Clean!J12)),(RU_Clean!J24-RU_Clean!J12)/RU_Clean!J12*100,"") -> 11.313869 | K24: =IF(AND(ISNUMBER(RU_Clean!K24),ISNUMBER(RU_Clean!K12)),(RU_Clean!K24-RU_Clean!K12)/RU_Clean!K12*100,"") -> 3.3492823 | L24: =IF(AND(ISNUMBER(RU_Clean!L24),ISNUMBER(RU_Clean!L12)),(RU_Clean!L24-RU_Clean!L12)/RU_Clean!L12*100,"") -> 19.398907 | M24: =IF(AND(ISNUMBER(RU_Clean!M24),ISNUMBER(RU_Clean!M12)),(RU_Clean!M24-RU_Clean!M12)/RU_Clean!M12*100,"") -> 10.803689 | N24: =IF(AND(ISNUMBER(RU_Clean!N24),ISNUMBER(RU_Clean!N12)),(RU_Clean!N24-RU_Clean!N12)/RU_Clean!N12*100,"") -> 7.5117371 | ... AH24: =IF(AND(ISNUMBER(RU_Clean!AH24),ISNUMBER(RU_Clean!AH12)),(RU_Clean!AH24-RU_Clean!AH12)/RU_Clean!AH12*100,"") -> 7.8703704
A25: =RU_Clean!A25 -> 2014 | B25: =RU_Clean!B25 -> 9 | C25: =RU_Clean!C25 -> September | D25: =RU_Clean!D25 -> 41883 | G25: =IF(AND(ISNUMBER(RU_Clean!G25),ISNUMBER(RU_Clean!G13)),(RU_Clean!G25-RU_Clean!G13)/RU_Clean!G13*100,"") -> 5.5841924 | H25: =IF(AND(ISNUMBER(RU_Clean!H25),ISNUMBER(RU_Clean!H13)),(RU_Clean!H25-RU_Clean!H13)/RU_Clean!H13*100,"") -> 5.6458512 | I25: =IF(AND(ISNUMBER(RU_Clean!I25),ISNUMBER(RU_Clean!I13)),(RU_Clean!I25-RU_Clean!I13)/RU_Clean!I13*100,"") -> 4.4523598 | J25: =IF(AND(ISNUMBER(RU_Clean!J25),ISNUMBER(RU_Clean!J13)),(RU_Clean!J25-RU_Clean!J13)/RU_Clean!J13*100,"") -> 11.040724 | K25: =IF(AND(ISNUMBER(RU_Clean!K25),ISNUMBER(RU_Clean!K13)),(RU_Clean!K25-RU_Clean!K13)/RU_Clean!K13*100,"") -> 2.4691358 | L25: =IF(AND(ISNUMBER(RU_Clean!L25),ISNUMBER(RU_Clean!L13)),(RU_Clean!L25-RU_Clean!L13)/RU_Clean!L13*100,"") -> 18.639329 | M25: =IF(AND(ISNUMBER(RU_Clean!M25),ISNUMBER(RU_Clean!M13)),(RU_Clean!M25-RU_Clean!M13)/RU_Clean!M13*100,"") -> 0.74580485 | N25: =IF(AND(ISNUMBER(RU_Clean!N25),ISNUMBER(RU_Clean!N13)),(RU_Clean!N25-RU_Clean!N13)/RU_Clean!N13*100,"") -> 7.9365079 | ... AH25: =IF(AND(ISNUMBER(RU_Clean!AH25),ISNUMBER(RU_Clean!AH13)),(RU_Clean!AH25-RU_Clean!AH13)/RU_Clean!AH13*100,"") -> 6.3273627
A26: =RU_Clean!A26 -> 2014 | B26: =RU_Clean!B26 -> 10 | C26: =RU_Clean!C26 -> October | D26: =RU_Clean!D26 -> 41913 | G26: =IF(AND(ISNUMBER(RU_Clean!G26),ISNUMBER(RU_Clean!G14)),(RU_Clean!G26-RU_Clean!G14)/RU_Clean!G14*100,"") -> 5.2092229 | H26: =IF(AND(ISNUMBER(RU_Clean!H26),ISNUMBER(RU_Clean!H14)),(RU_Clean!H26-RU_Clean!H14)/RU_Clean!H14*100,"") -> 6.4488392 | I26: =IF(AND(ISNUMBER(RU_Clean!I26),ISNUMBER(RU_Clean!I14)),(RU_Clean!I26-RU_Clean!I14)/RU_Clean!I14*100,"") -> 4.2365402 | J26: =IF(AND(ISNUMBER(RU_Clean!J26),ISNUMBER(RU_Clean!J14)),(RU_Clean!J26-RU_Clean!J14)/RU_Clean!J14*100,"") -> 10.791367 | K26: =IF(AND(ISNUMBER(RU_Clean!K26),ISNUMBER(RU_Clean!K14)),(RU_Clean!K26-RU_Clean!K14)/RU_Clean!K14*100,"") -> 2.0813623 | L26: =IF(AND(ISNUMBER(RU_Clean!L26),ISNUMBER(RU_Clean!L14)),(RU_Clean!L26-RU_Clean!L14)/RU_Clean!L14*100,"") -> 15.013649 | M26: =IF(AND(ISNUMBER(RU_Clean!M26),ISNUMBER(RU_Clean!M14)),(RU_Clean!M26-RU_Clean!M14)/RU_Clean!M14*100,"") -> -8.411215 | N26: =IF(AND(ISNUMBER(RU_Clean!N26),ISNUMBER(RU_Clean!N14)),(RU_Clean!N26-RU_Clean!N14)/RU_Clean!N14*100,"") -> 8.2013048 | ... AH26: =IF(AND(ISNUMBER(RU_Clean!AH26),ISNUMBER(RU_Clean!AH14)),(RU_Clean!AH26-RU_Clean!AH14)/RU_Clean!AH14*100,"") -> 4.8417266
A27: =RU_Clean!A27 -> 2014 | B27: =RU_Clean!B27 -> 11 | C27: =RU_Clean!C27 -> November | D27: =RU_Clean!D27 -> 41944 | G27: =IF(AND(ISNUMBER(RU_Clean!G27),ISNUMBER(RU_Clean!G15)),(RU_Clean!G27-RU_Clean!G15)/RU_Clean!G15*100,"") -> 4.4030483 | H27: =IF(AND(ISNUMBER(RU_Clean!H27),ISNUMBER(RU_Clean!H15)),(RU_Clean!H27-RU_Clean!H15)/RU_Clean!H15*100,"") -> 7.1923744 | I27: =IF(AND(ISNUMBER(RU_Clean!I27),ISNUMBER(RU_Clean!I15)),(RU_Clean!I27-RU_Clean!I15)/RU_Clean!I15*100,"") -> 1.937658 | J27: =IF(AND(ISNUMBER(RU_Clean!J27),ISNUMBER(RU_Clean!J15)),(RU_Clean!J27-RU_Clean!J15)/RU_Clean!J15*100,"") -> 10.4 | K27: =IF(AND(ISNUMBER(RU_Clean!K27),ISNUMBER(RU_Clean!K15)),(RU_Clean!K27-RU_Clean!K15)/RU_Clean!K15*100,"") -> 0.93632959 | L27: =IF(AND(ISNUMBER(RU_Clean!L27),ISNUMBER(RU_Clean!L15)),(RU_Clean!L27-RU_Clean!L15)/RU_Clean!L15*100,"") -> 10.748899 | M27: =IF(AND(ISNUMBER(RU_Clean!M27),ISNUMBER(RU_Clean!M15)),(RU_Clean!M27-RU_Clean!M15)/RU_Clean!M15*100,"") -> -16.766794 | N27: =IF(AND(ISNUMBER(RU_Clean!N27),ISNUMBER(RU_Clean!N15)),(RU_Clean!N27-RU_Clean!N15)/RU_Clean!N15*100,"") -> 8.3179298 | ... AH27: =IF(AND(ISNUMBER(RU_Clean!AH27),ISNUMBER(RU_Clean!AH15)),(RU_Clean!AH27-RU_Clean!AH15)/RU_Clean!AH15*100,"") -> 2.9586217
A28: =RU_Clean!A28 -> 2014 | B28: =RU_Clean!B28 -> 12 | C28: =RU_Clean!C28 -> December | D28: =RU_Clean!D28 -> 41974 | G28: =IF(AND(ISNUMBER(RU_Clean!G28),ISNUMBER(RU_Clean!G16)),(RU_Clean!G28-RU_Clean!G16)/RU_Clean!G16*100,"") -> 3.1905961 | H28: =IF(AND(ISNUMBER(RU_Clean!H28),ISNUMBER(RU_Clean!H16)),(RU_Clean!H28-RU_Clean!H16)/RU_Clean!H16*100,"") -> 5.5698372 | I28: =IF(AND(ISNUMBER(RU_Clean!I28),ISNUMBER(RU_Clean!I16)),(RU_Clean!I28-RU_Clean!I16)/RU_Clean!I16*100,"") -> 0 | J28: =IF(AND(ISNUMBER(RU_Clean!J28),ISNUMBER(RU_Clean!J16)),(RU_Clean!J28-RU_Clean!J16)/RU_Clean!J16*100,"") -> 9.7883598 | K28: =IF(AND(ISNUMBER(RU_Clean!K28),ISNUMBER(RU_Clean!K16)),(RU_Clean!K28-RU_Clean!K16)/RU_Clean!K16*100,"") -> 0.27958993 | L28: =IF(AND(ISNUMBER(RU_Clean!L28),ISNUMBER(RU_Clean!L16)),(RU_Clean!L28-RU_Clean!L16)/RU_Clean!L16*100,"") -> 10.944395 | M28: =IF(AND(ISNUMBER(RU_Clean!M28),ISNUMBER(RU_Clean!M16)),(RU_Clean!M28-RU_Clean!M16)/RU_Clean!M16*100,"") -> -3.3700138 | N28: =IF(AND(ISNUMBER(RU_Clean!N28),ISNUMBER(RU_Clean!N16)),(RU_Clean!N28-RU_Clean!N16)/RU_Clean!N16*100,"") -> 8.1876725 | ... AH28: =IF(AND(ISNUMBER(RU_Clean!AH28),ISNUMBER(RU_Clean!AH16)),(RU_Clean!AH28-RU_Clean!AH16)/RU_Clean!AH16*100,"") -> 4.2623659
... A129: =RU_Clean!A129 -> 2023 | B129: =RU_Clean!B129 -> 5 | C129: =RU_Clean!C129 -> May | D129: =RU_Clean!D129 -> 45047 | G129: =IF(AND(ISNUMBER(RU_Clean!G129),ISNUMBER(RU_Clean!G117)),(RU_Clean!G129-RU_Clean!G117)/RU_Clean!G117*100,"") -> 12.719014 | H129: =IF(AND(ISNUMBER(RU_Clean!H129),ISNUMBER(RU_Clean!H117)),(RU_Clean!H129-RU_Clean!H117)/RU_Clean!H117*100,"") -> -1.2442396 | I129: =IF(AND(ISNUMBER(RU_Clean!I129),ISNUMBER(RU_Clean!I117)),(RU_Clean!I129-RU_Clean!I117)/RU_Clean!I117*100,"") -> 6.6502463 | J129: =IF(AND(ISNUMBER(RU_Clean!J129),ISNUMBER(RU_Clean!J117)),(RU_Clean!J129-RU_Clean!J117)/RU_Clean!J117*100,"") -> 8.8538508 | K129: =IF(AND(ISNUMBER(RU_Clean!K129),ISNUMBER(RU_Clean!K117)),(RU_Clean!K129-RU_Clean!K117)/RU_Clean!K117*100,"") -> -16.007905 | L129: =IF(AND(ISNUMBER(RU_Clean!L129),ISNUMBER(RU_Clean!L117)),(RU_Clean!L129-RU_Clean!L117)/RU_Clean!L117*100,"") -> 0.70175439 | M129: =IF(AND(ISNUMBER(RU_Clean!M129),ISNUMBER(RU_Clean!M117)),(RU_Clean!M129-RU_Clean!M117)/RU_Clean!M117*100,"") -> -7.9473985 | N129: =IF(AND(ISNUMBER(RU_Clean!N129),ISNUMBER(RU_Clean!N117)),(RU_Clean!N129-RU_Clean!N117)/RU_Clean!N117*100,"") -> 6.6180935 | ... AH129: =IF(AND(ISNUMBER(RU_Clean!AH129),ISNUMBER(RU_Clean!AH117)),(RU_Clean!AH129-RU_Clean!AH117)/RU_Clean!AH117*100,"") -> 3.0112316

Sheet Q1
A1: Q1 - Contribution of broader categories to the CPI basket (latest month)
A2: Rural+Urban sector, equal weights. Contribution = bucket index sum / total of all buckets. Aggregate columns (Food and beverages, Clothing and footwear, General index) are excluded to avoid double counting.
A3: Latest month in data | B3: =MAX(RU_Clean!$D$5:$D$129) -> 45047
A4: Row of latest month | B4: =MATCH(B3,RU_Clean!$D$5:$D$129,0) -> 125
A8: Sub-category | B8: Broader bucket (editable) | C8: Index (latest month) | E8: Broader category | F8: Sum of index | G8: Contribution % | H8: Rank
A9: Cereals and products | B9: Food & Beverages | C9: =INDEX(RU_Clean!$G$5:$AH$129,$B$4,MATCH($A9,RU_Clean!$G$4:$AH$4,0)) -> 173.7 | E9: Food & Beverages | F9: =SUMIF($B$9:$B$32,E9,$C$9:$C$32) -> 2127.8 | G9: =F9/$F$17 -> 0.49609475 | H9: =RANK(G9,$G$9:$G$16) -> 1
A10: Meat and fish | B10: Food & Beverages | C10: =INDEX(RU_Clean!$G$5:$AH$129,$B$4,MATCH($A10,RU_Clean!$G$4:$AH$4,0)) -> 214.3 | E10: Clothing & Footwear | F10: =SUMIF($B$9:$B$32,E10,$C$9:$C$32) -> 367 | G10: =F10/$F$17 -> 0.085565736 | H10: =RANK(G10,$G$9:$G$16) -> 3
A11: Egg | B11: Food & Beverages | C11: =INDEX(RU_Clean!$G$5:$AH$129,$B$4,MATCH($A11,RU_Clean!$G$4:$AH$4,0)) -> 173.2 | E11: Housing | F11: =SUMIF($B$9:$B$32,E11,$C$9:$C$32) -> 175.6 | G11: =F11/$F$17 -> 0.04094099 | H11: =RANK(G11,$G$9:$G$16) -> 7
A12: Milk and products | B12: Food & Beverages | C12: =INDEX(RU_Clean!$G$5:$AH$129,$B$4,MATCH($A12,RU_Clean!$G$4:$AH$4,0)) -> 179.5 | E12: Energy (Fuel & Light) | F12: =SUMIF($B$9:$B$32,E12,$C$9:$C$32) -> 182.8 | G12: =F12/$F$17 -> 0.042619664 | H12: =RANK(G12,$G$9:$G$16) -> 5
A13: Oils and fats | B13: Food & Beverages | C13: =INDEX(RU_Clean!$G$5:$AH$129,$B$4,MATCH($A13,RU_Clean!$G$4:$AH$4,0)) -> 170 | E13: Health | F13: =SUMIF($B$9:$B$32,E13,$C$9:$C$32) -> 185.7 | G13: =F13/$F$17 -> 0.043295796 | H13: =RANK(G13,$G$9:$G$16) -> 4
A14: Fruits | B14: Food & Beverages | C14: =INDEX(RU_Clean!$G$5:$AH$129,$B$4,MATCH($A14,RU_Clean!$G$4:$AH$4,0)) -> 172.2 | E14: Education | F14: =SUMIF($B$9:$B$32,E14,$C$9:$C$32) -> 177.1 | G14: =F14/$F$17 -> 0.041290714 | H14: =RANK(G14,$G$9:$G$16) -> 6
A15: Vegetables | B15: Food & Beverages | C15: =INDEX(RU_Clean!$G$5:$AH$129,$B$4,MATCH($A15,RU_Clean!$G$4:$AH$4,0)) -> 161 | E15: Transport & Communication | F15: =SUMIF($B$9:$B$32,E15,$C$9:$C$32) -> 164.8 | G15: =F15/$F$17 -> 0.038422979 | H15: =RANK(G15,$G$9:$G$16) -> 8
A16: Pulses and products | B16: Food & Beverages | C16: =INDEX(RU_Clean!$G$5:$AH$129,$B$4,MATCH($A16,RU_Clean!$G$4:$AH$4,0)) -> 175.6 | E16: Other | F16: =SUMIF($B$9:$B$32,E16,$C$9:$C$32) -> 908.3 | G16: =F16/$F$17 -> 0.21176937 | H16: =RANK(G16,$G$9:$G$16) -> 2
A17: Sugar and Confectionery | B17: Food & Beverages | C17: =INDEX(RU_Clean!$G$5:$AH$129,$B$4,MATCH($A17,RU_Clean!$G$4:$AH$4,0)) -> 122.7 | E17: Total | F17: =SUM(F9:F16) -> 4289.1 | G17: =SUM(G9:G16) -> 1
A18: Spices | B18: Food & Beverages | C18: =INDEX(RU_Clean!$G$5:$AH$129,$B$4,MATCH($A18,RU_Clean!$G$4:$AH$4,0)) -> 218
A19: Non-alcoholic beverages | B19: Food & Beverages | C19: =INDEX(RU_Clean!$G$5:$AH$129,$B$4,MATCH($A19,RU_Clean!$G$4:$AH$4,0)) -> 173.4 | E19: ANSWER: highest contribution | F19: =INDEX(E9:E16,MATCH(MAX(G9:G16),G9:G16,0)) -> Food & Beverages | G19: =MAX(G9:G16) -> 0.49609475
A20: Prepared meals, snacks, sweets etc. | B20: Food & Beverages | C20: =INDEX(RU_Clean!$G$5:$AH$129,$B$4,MATCH($A20,RU_Clean!$G$4:$AH$4,0)) -> 194.2 | F20: =SUM(C9:C32)-F17 -> 0
A21: Pan, tobacco and intoxicants | B21: Other | C21: =INDEX(RU_Clean!$G$5:$AH$129,$B$4,MATCH($A21,RU_Clean!$G$4:$AH$4,0)) -> 201 | E21: Note: Food has 12 sub-items, so under equal weights it naturally carries the largest share.
A22: Clothing | B22: Clothing & Footwear | C22: =INDEX(RU_Clean!$G$5:$AH$129,$B$4,MATCH($A22,RU_Clean!$G$4:$AH$4,0)) -> 187.3
A23: Footwear | B23: Clothing & Footwear | C23: =INDEX(RU_Clean!$G$5:$AH$129,$B$4,MATCH($A23,RU_Clean!$G$4:$AH$4,0)) -> 179.7
A24: Housing | B24: Housing | C24: =INDEX(RU_Clean!$G$5:$AH$129,$B$4,MATCH($A24,RU_Clean!$G$4:$AH$4,0)) -> 175.6
A25: Fuel and light | B25: Energy (Fuel & Light) | C25: =INDEX(RU_Clean!$G$5:$AH$129,$B$4,MATCH($A25,RU_Clean!$G$4:$AH$4,0)) -> 182.8
A26: Household goods and services | B26: Other | C26: =INDEX(RU_Clean!$G$5:$AH$129,$B$4,MATCH($A26,RU_Clean!$G$4:$AH$4,0)) -> 175.2
A27: Health | B27: Health | C27: =INDEX(RU_Clean!$G$5:$AH$129,$B$4,MATCH($A27,RU_Clean!$G$4:$AH$4,0)) -> 185.7
A28: Transport and communication | B28: Transport & Communication | C28: =INDEX(RU_Clean!$G$5:$AH$129,$B$4,MATCH($A28,RU_Clean!$G$4:$AH$4,0)) -> 164.8
A29: Recreation and amusement | B29: Other | C29: =INDEX(RU_Clean!$G$5:$AH$129,$B$4,MATCH($A29,RU_Clean!$G$4:$AH$4,0)) -> 171.2
A30: Education | B30: Education | C30: =INDEX(RU_Clean!$G$5:$AH$129,$B$4,MATCH($A30,RU_Clean!$G$4:$AH$4,0)) -> 177.1
A31: Personal care and effects | B31: Other | C31: =INDEX(RU_Clean!$G$5:$AH$129,$B$4,MATCH($A31,RU_Clean!$G$4:$AH$4,0)) -> 185.2
A32: Miscellaneous | B32: Other | C32: =INDEX(RU_Clean!$G$5:$AH$129,$B$4,MATCH($A32,RU_Clean!$G$4:$AH$4,0)) -> 175.7

Sheet Q2
A1: Q2 - Year-on-year inflation, General index (Rural+Urban), from 2017
A2: Annual inflation = (CPI at end - CPI at start) / CPI at start x 100. Start month is selectable (1 = January ... 12 = December).
A3: Start month (1-12) | B3: 1 | C3: <- change this to test other start months (blank rows = end month not in data)
A7: Year (start) | B7: Start date | C7: End date | D7: CPI at start | E7: CPI at end | F7: Inflation %
A8: 2017 | B8: =DATE(A8,$B$3,1) -> 42736 | C8: =DATE(A8+1,$B$3,1) -> 43101 | D8: =IFERROR(INDEX(RU_Clean!$G$5:$AH$129,MATCH(B8,RU_Clean!$D$5:$D$129,0),MATCH("General index",RU_Clean!$G$4:$AH$4,0)),"") -> 130.3 | E8: =IFERROR(INDEX(RU_Clean!$G$5:$AH$129,MATCH(C8,RU_Clean!$D$5:$D$129,0),MATCH("General index",RU_Clean!$G$4:$AH$4,0)),"") -> 136.9 | F8: =IF(AND(ISNUMBER(D8),ISNUMBER(E8)),(E8-D8)/D8*100,"") -> 5.0652341
A9: =A8+1 -> 2018 | B9: =DATE(A9,$B$3,1) -> 43101 | C9: =DATE(A9+1,$B$3,1) -> 43466 | D9: =IFERROR(INDEX(RU_Clean!$G$5:$AH$129,MATCH(B9,RU_Clean!$D$5:$D$129,0),MATCH("General index",RU_Clean!$G$4:$AH$4,0)),"") -> 136.9 | E9: =IFERROR(INDEX(RU_Clean!$G$5:$AH$129,MATCH(C9,RU_Clean!$D$5:$D$129,0),MATCH("General index",RU_Clean!$G$4:$AH$4,0)),"") -> 139.6 | F9: =IF(AND(ISNUMBER(D9),ISNUMBER(E9)),(E9-D9)/D9*100,"") -> 1.9722425
A10: =A9+1 -> 2019 | B10: =DATE(A10,$B$3,1) -> 43466 | C10: =DATE(A10+1,$B$3,1) -> 43831 | D10: =IFERROR(INDEX(RU_Clean!$G$5:$AH$129,MATCH(B10,RU_Clean!$D$5:$D$129,0),MATCH("General index",RU_Clean!$G$4:$AH$4,0)),"") -> 139.6 | E10: =IFERROR(INDEX(RU_Clean!$G$5:$AH$129,MATCH(C10,RU_Clean!$D$5:$D$129,0),MATCH("General index",RU_Clean!$G$4:$AH$4,0)),"") -> 150.2 | F10: =IF(AND(ISNUMBER(D10),ISNUMBER(E10)),(E10-D10)/D10*100,"") -> 7.5931232
A11: =A10+1 -> 2020 | B11: =DATE(A11,$B$3,1) -> 43831 | C11: =DATE(A11+1,$B$3,1) -> 44197 | D11: =IFERROR(INDEX(RU_Clean!$G$5:$AH$129,MATCH(B11,RU_Clean!$D$5:$D$129,0),MATCH("General index",RU_Clean!$G$4:$AH$4,0)),"") -> 150.2 | E11: =IFERROR(INDEX(RU_Clean!$G$5:$AH$129,MATCH(C11,RU_Clean!$D$5:$D$129,0),MATCH("General index",RU_Clean!$G$4:$AH$4,0)),"") -> 157.3 | F11: =IF(AND(ISNUMBER(D11),ISNUMBER(E11)),(E11-D11)/D11*100,"") -> 4.7270306
A12: =A11+1 -> 2021 | B12: =DATE(A12,$B$3,1) -> 44197 | C12: =DATE(A12+1,$B$3,1) -> 44562 | D12: =IFERROR(INDEX(RU_Clean!$G$5:$AH$129,MATCH(B12,RU_Clean!$D$5:$D$129,0),MATCH("General index",RU_Clean!$G$4:$AH$4,0)),"") -> 157.3 | E12: =IFERROR(INDEX(RU_Clean!$G$5:$AH$129,MATCH(C12,RU_Clean!$D$5:$D$129,0),MATCH("General index",RU_Clean!$G$4:$AH$4,0)),"") -> 165.7 | F12: =IF(AND(ISNUMBER(D12),ISNUMBER(E12)),(E12-D12)/D12*100,"") -> 5.3401144
A13: =A12+1 -> 2022 | B13: =DATE(A13,$B$3,1) -> 44562 | C13: =DATE(A13+1,$B$3,1) -> 44927 | D13: =IFERROR(INDEX(RU_Clean!$G$5:$AH$129,MATCH(B13,RU_Clean!$D$5:$D$129,0),MATCH("General index",RU_Clean!$G$4:$AH$4,0)),"") -> 165.7 | E13: =IFERROR(INDEX(RU_Clean!$G$5:$AH$129,MATCH(C13,RU_Clean!$D$5:$D$129,0),MATCH("General index",RU_Clean!$G$4:$AH$4,0)),"") -> 176.5 | F13: =IF(AND(ISNUMBER(D13),ISNUMBER(E13)),(E13-D13)/D13*100,"") -> 6.5178033
A16: ANSWER: year with highest inflation | B16: =INDEX(A8:A13,MATCH(MAX(F8:F13),F8:F13,0)) -> 2019
A17: Highest rate (%) | B17: =MAX(F8:F13) -> 7.5931232
A18: Period measured | B18: =TEXT(INDEX(B8:B13,MATCH(MAX(F8:F13),F8:F13,0)),"mmm-yyyy")&" to "&TEXT(INDEX(C8:C13,MATCH(MAX(F8:F13),F8:F13,0)),"mmm-yyyy") -> Jan-2019 to Jan-2020
A20: Reason (research, valid for the default January start): the year measured Jan-2019 to Jan-2020 ended with a surge in food prices. Retail inflation hit a ~5.5-year high of 7.35% in Dec-2019 (NSO release, 13 Jan 2020), driven mainly by vegetables (+60.5% y-o-y) and costlier onions after unseasonal weather; pulses (+15.4%) and meat/fish (~+10%) also rose, and overall food inflation reached 14.1%. Sources: PTI/Business Standard, 13 Jan 2020; The Wire, 14 Jan 2020. Note: 2022 is the runner-up (Russia-Ukraine war, edible oil and wheat prices). 2023 is excluded because only 5 months are in the data.

Sheet Q3
A1: Q3 - Food inflation, 12 months ending May-2023 (Rural+Urban)
A2: Food bucket = sum of the 12 food sub-category indices (equal weights, same as Q1). MoM % is identical whether you use the sum or the average.
A3: End month | B3: 45047
A6: Month | B6: Food bucket index | C6: MoM % (food bucket) | D6: Official 'Food and beverages' index | E6: MoM % (official) | G6: ANSWERS (food bucket)
A7: =DATE(YEAR($B$3),MONTH($B$3)-12,1) -> 44682 | B7: =INDEX(RU_Clean!$G$5:$AH$129,MATCH($A7,RU_Clean!$D$5:$D$129,0),MATCH("Food bucket (sum of 12 food items)",RU_Clean!$G$4:$AH$4,0)) -> 2065.6 | D7: =INDEX(RU_Clean!$G$5:$AH$129,MATCH($A7,RU_Clean!$D$5:$D$129,0),MATCH("Food and beverages",RU_Clean!$G$4:$AH$4,0)) -> 173.3 | G7: Highest MoM food inflation | H7: =TEXT(INDEX(A8:A19,MATCH(MAX(C8:C19),C8:C19,0)),"mmm-yyyy") -> Jun-2022 | I7: =MAX(C8:C19) -> 1.0360186
A8: =DATE(YEAR(A7),MONTH(A7)+1,1) -> 44713 | B8: =INDEX(RU_Clean!$G$5:$AH$129,MATCH($A8,RU_Clean!$D$5:$D$129,0),MATCH("Food bucket (sum of 12 food items)",RU_Clean!$G$4:$AH$4,0)) -> 2087 | C8: =(B8-B7)/B7*100 -> 1.0360186 | D8: =INDEX(RU_Clean!$G$5:$AH$129,MATCH($A8,RU_Clean!$D$5:$D$129,0),MATCH("Food and beverages",RU_Clean!$G$4:$AH$4,0)) -> 174.9 | E8: =(D8-D7)/D7*100 -> 0.92325447 | G8: Lowest MoM food inflation | H8: =TEXT(INDEX(A8:A19,MATCH(MIN(C8:C19),C8:C19,0)),"mmm-yyyy") -> Feb-2023 | I8: =MIN(C8:C19) -> -0.65689981
A9: =DATE(YEAR(A8),MONTH(A8)+1,1) -> 44743 | B9: =INDEX(RU_Clean!$G$5:$AH$129,MATCH($A9,RU_Clean!$D$5:$D$129,0),MATCH("Food bucket (sum of 12 food items)",RU_Clean!$G$4:$AH$4,0)) -> 2091.3 | C9: =(B9-B8)/B8*100 -> 0.20603737 | D9: =INDEX(RU_Clean!$G$5:$AH$129,MATCH($A9,RU_Clean!$D$5:$D$129,0),MATCH("Food and beverages",RU_Clean!$G$4:$AH$4,0)) -> 175 | E9: =(D9-D8)/D8*100 -> 0.057175529 | G9: Total change over 12 months (%) | I9: =(B19-B7)/B7*100 -> 3.0112316
A10: =DATE(YEAR(A9),MONTH(A9)+1,1) -> 44774 | B10: =INDEX(RU_Clean!$G$5:$AH$129,MATCH($A10,RU_Clean!$D$5:$D$129,0),MATCH("Food bucket (sum of 12 food items)",RU_Clean!$G$4:$AH$4,0)) -> 2092.9 | C10: =(B10-B9)/B9*100 -> 0.076507436 | D10: =INDEX(RU_Clean!$G$5:$AH$129,MATCH($A10,RU_Clean!$D$5:$D$129,0),MATCH("Food and beverages",RU_Clean!$G$4:$AH$4,0)) -> 176.3 | E10: =(D10-D9)/D9*100 -> 0.74285714
A11: =DATE(YEAR(A10),MONTH(A10)+1,1) -> 44805 | B11: =INDEX(RU_Clean!$G$5:$AH$129,MATCH($A11,RU_Clean!$D$5:$D$129,0),MATCH("Food bucket (sum of 12 food items)",RU_Clean!$G$4:$AH$4,0)) -> 2103.1 | C11: =(B11-B10)/B10*100 -> 0.48736203 | D11: =INDEX(RU_Clean!$G$5:$AH$129,MATCH($A11,RU_Clean!$D$5:$D$129,0),MATCH("Food and beverages",RU_Clean!$G$4:$AH$4,0)) -> 177.8 | E11: =(D11-D10)/D10*100 -> 0.85082246
A12: =DATE(YEAR(A11),MONTH(A11)+1,1) -> 44835 | B12: =INDEX(RU_Clean!$G$5:$AH$129,MATCH($A12,RU_Clean!$D$5:$D$129,0),MATCH("Food bucket (sum of 12 food items)",RU_Clean!$G$4:$AH$4,0)) -> 2117.7 | C12: =(B12-B11)/B11*100 -> 0.6942133 | D12: =INDEX(RU_Clean!$G$5:$AH$129,MATCH($A12,RU_Clean!$D$5:$D$129,0),MATCH("Food and beverages",RU_Clean!$G$4:$AH$4,0)) -> 179.6 | E12: =(D12-D11)/D11*100 -> 1.0123735
A13: =DATE(YEAR(A12),MONTH(A12)+1,1) -> 44866 | B13: =INDEX(RU_Clean!$G$5:$AH$129,MATCH($A13,RU_Clean!$D$5:$D$129,0),MATCH("Food bucket (sum of 12 food items)",RU_Clean!$G$4:$AH$4,0)) -> 2118.5 | C13: =(B13-B12)/B12*100 -> 0.037776833 | D13: =INDEX(RU_Clean!$G$5:$AH$129,MATCH($A13,RU_Clean!$D$5:$D$129,0),MATCH("Food and beverages",RU_Clean!$G$4:$AH$4,0)) -> 178.3 | E13: =(D13-D12)/D12*100 -> -0.72383073
A14: =DATE(YEAR(A13),MONTH(A13)+1,1) -> 44896 | B14: =INDEX(RU_Clean!$G$5:$AH$129,MATCH($A14,RU_Clean!$D$5:$D$129,0),MATCH("Food bucket (sum of 12 food items)",RU_Clean!$G$4:$AH$4,0)) -> 2107.5 | C14: =(B14-B13)/B13*100 -> -0.51923531 | D14: =INDEX(RU_Clean!$G$5:$AH$129,MATCH($A14,RU_Clean!$D$5:$D$129,0),MATCH("Food and beverages",RU_Clean!$G$4:$AH$4,0)) -> 175.9 | E14: =(D14-D13)/D13*100 -> -1.346046
A15: =DATE(YEAR(A14),MONTH(A14)+1,1) -> 44927 | B15: =INDEX(RU_Clean!$G$5:$AH$129,MATCH($A15,RU_Clean!$D$5:$D$129,0),MATCH("Food bucket (sum of 12 food items)",RU_Clean!$G$4:$AH$4,0)) -> 2116 | C15: =(B15-B14)/B14*100 -> 0.40332147 | D15: =INDEX(RU_Clean!$G$5:$AH$129,MATCH($A15,RU_Clean!$D$5:$D$129,0),MATCH("Food and beverages",RU_Clean!$G$4:$AH$4,0)) -> 176.7 | E15: =(D15-D14)/D14*100 -> 0.45480387
A16: =DATE(YEAR(A15),MONTH(A15)+1,1) -> 44958 | B16: =INDEX(RU_Clean!$G$5:$AH$129,MATCH($A16,RU_Clean!$D$5:$D$129,0),MATCH("Food bucket (sum of 12 food items)",RU_Clean!$G$4:$AH$4,0)) -> 2102.1 | C16: =(B16-B15)/B15*100 -> -0.65689981 | D16: =INDEX(RU_Clean!$G$5:$AH$129,MATCH($A16,RU_Clean!$D$5:$D$129,0),MATCH("Food and beverages",RU_Clean!$G$4:$AH$4,0)) -> 177 | E16: =(D16-D15)/D15*100 -> 0.16977929
A17: =DATE(YEAR(A16),MONTH(A16)+1,1) -> 44986 | B17: =INDEX(RU_Clean!$G$5:$AH$129,MATCH($A17,RU_Clean!$D$5:$D$129,0),MATCH("Food bucket (sum of 12 food items)",RU_Clean!$G$4:$AH$4,0)) -> 2102.2 | C17: =(B17-B16)/B16*100 -> 0.0047571476 | D17: =INDEX(RU_Clean!$G$5:$AH$129,MATCH($A17,RU_Clean!$D$5:$D$129,0),MATCH("Food and beverages",RU_Clean!$G$4:$AH$4,0)) -> 177 | E17: =(D17-D16)/D16*100 -> 0
A18: =DATE(YEAR(A17),MONTH(A17)+1,1) -> 45017 | B18: =INDEX(RU_Clean!$G$5:$AH$129,MATCH($A18,RU_Clean!$D$5:$D$129,0),MATCH("Food bucket (sum of 12 food items)",RU_Clean!$G$4:$AH$4,0)) -> 2111.7 | C18: =(B18-B17)/B17*100 -> 0.45190753 | D18: =INDEX(RU_Clean!$G$5:$AH$129,MATCH($A18,RU_Clean!$D$5:$D$129,0),MATCH("Food and beverages",RU_Clean!$G$4:$AH$4,0)) -> 177.9 | E18: =(D18-D17)/D17*100 -> 0.50847458
A19: =DATE(YEAR(A18),MONTH(A18)+1,1) -> 45047 | B19: =INDEX(RU_Clean!$G$5:$AH$129,MATCH($A19,RU_Clean!$D$5:$D$129,0),MATCH("Food bucket (sum of 12 food items)",RU_Clean!$G$4:$AH$4,0)) -> 2127.8 | C19: =(B19-B18)/B18*100 -> 0.7624189 | D19: =INDEX(RU_Clean!$G$5:$AH$129,MATCH($A19,RU_Clean!$D$5:$D$129,0),MATCH("Food and beverages",RU_Clean!$G$4:$AH$4,0)) -> 179.1 | E19: =(D19-D18)/D18*100 -> 0.67453626
A23: Absolute change by food sub-category (start month = 12 months before end month)
A24: Food sub-category | B24: Index at start | C24: Index at end | D24: Absolute change (points) | E24: % change | F24: Share of total food change
A25: Cereals and products | B25: =INDEX(RU_Clean!$G$5:$AH$129,MATCH($A$7,RU_Clean!$D$5:$D$129,0),MATCH($A25,RU_Clean!$G$4:$AH$4,0)) -> 154.1 | C25: =INDEX(RU_Clean!$G$5:$AH$129,MATCH($A$19,RU_Clean!$D$5:$D$129,0),MATCH($A25,RU_Clean!$G$4:$AH$4,0)) -> 173.7 | D25: =C25-B25 -> 19.6 | E25: =(C25-B25)/B25*100 -> 12.719014 | F25: =D25/$D$37 -> 0.31511254
A26: Meat and fish | B26: =INDEX(RU_Clean!$G$5:$AH$129,MATCH($A$7,RU_Clean!$D$5:$D$129,0),MATCH($A26,RU_Clean!$G$4:$AH$4,0)) -> 217 | C26: =INDEX(RU_Clean!$G$5:$AH$129,MATCH($A$19,RU_Clean!$D$5:$D$129,0),MATCH($A26,RU_Clean!$G$4:$AH$4,0)) -> 214.3 | D26: =C26-B26 -> -2.7 | E26: =(C26-B26)/B26*100 -> -1.2442396 | F26: =D26/$D$37 -> -0.04340836
A27: Egg | B27: =INDEX(RU_Clean!$G$5:$AH$129,MATCH($A$7,RU_Clean!$D$5:$D$129,0),MATCH($A27,RU_Clean!$G$4:$AH$4,0)) -> 162.4 | C27: =INDEX(RU_Clean!$G$5:$AH$129,MATCH($A$19,RU_Clean!$D$5:$D$129,0),MATCH($A27,RU_Clean!$G$4:$AH$4,0)) -> 173.2 | D27: =C27-B27 -> 10.8 | E27: =(C27-B27)/B27*100 -> 6.6502463 | F27: =D27/$D$37 -> 0.17363344
A28: Milk and products | B28: =INDEX(RU_Clean!$G$5:$AH$129,MATCH($A$7,RU_Clean!$D$5:$D$129,0),MATCH($A28,RU_Clean!$G$4:$AH$4,0)) -> 164.9 | C28: =INDEX(RU_Clean!$G$5:$AH$129,MATCH($A$19,RU_Clean!$D$5:$D$129,0),MATCH($A28,RU_Clean!$G$4:$AH$4,0)) -> 179.5 | D28: =C28-B28 -> 14.6 | E28: =(C28-B28)/B28*100 -> 8.8538508 | F28: =D28/$D$37 -> 0.23472669
A29: Oils and fats | B29: =INDEX(RU_Clean!$G$5:$AH$129,MATCH($A$7,RU_Clean!$D$5:$D$129,0),MATCH($A29,RU_Clean!$G$4:$AH$4,0)) -> 202.4 | C29: =INDEX(RU_Clean!$G$5:$AH$129,MATCH($A$19,RU_Clean!$D$5:$D$129,0),MATCH($A29,RU_Clean!$G$4:$AH$4,0)) -> 170 | D29: =C29-B29 -> -32.4 | E29: =(C29-B29)/B29*100 -> -16.007905 | F29: =D29/$D$37 -> -0.52090032
A30: Fruits | B30: =INDEX(RU_Clean!$G$5:$AH$129,MATCH($A$7,RU_Clean!$D$5:$D$129,0),MATCH($A30,RU_Clean!$G$4:$AH$4,0)) -> 171 | C30: =INDEX(RU_Clean!$G$5:$AH$129,MATCH($A$19,RU_Clean!$D$5:$D$129,0),MATCH($A30,RU_Clean!$G$4:$AH$4,0)) -> 172.2 | D30: =C30-B30 -> 1.2 | E30: =(C30-B30)/B30*100 -> 0.70175439 | F30: =D30/$D$37 -> 0.019292605
A31: Vegetables | B31: =INDEX(RU_Clean!$G$5:$AH$129,MATCH($A$7,RU_Clean!$D$5:$D$129,0),MATCH($A31,RU_Clean!$G$4:$AH$4,0)) -> 174.9 | C31: =INDEX(RU_Clean!$G$5:$AH$129,MATCH($A$19,RU_Clean!$D$5:$D$129,0),MATCH($A31,RU_Clean!$G$4:$AH$4,0)) -> 161 | D31: =C31-B31 -> -13.9 | E31: =(C31-B31)/B31*100 -> -7.9473985 | F31: =D31/$D$37 -> -0.22347267
A32: Pulses and products | B32: =INDEX(RU_Clean!$G$5:$AH$129,MATCH($A$7,RU_Clean!$D$5:$D$129,0),MATCH($A32,RU_Clean!$G$4:$AH$4,0)) -> 164.7 | C32: =INDEX(RU_Clean!$G$5:$AH$129,MATCH($A$19,RU_Clean!$D$5:$D$129,0),MATCH($A32,RU_Clean!$G$4:$AH$4,0)) -> 175.6 | D32: =C32-B32 -> 10.9 | E32: =(C32-B32)/B32*100 -> 6.6180935 | F32: =D32/$D$37 -> 0.17524116
A33: Sugar and Confectionery | B33: =INDEX(RU_Clean!$G$5:$AH$129,MATCH($A$7,RU_Clean!$D$5:$D$129,0),MATCH($A33,RU_Clean!$G$4:$AH$4,0)) -> 119.7 | C33: =INDEX(RU_Clean!$G$5:$AH$129,MATCH($A$19,RU_Clean!$D$5:$D$129,0),MATCH($A33,RU_Clean!$G$4:$AH$4,0)) -> 122.7 | D33: =C33-B33 -> 3 | E33: =(C33-B33)/B33*100 -> 2.5062657 | F33: =D33/$D$37 -> 0.048231511
A34: Spices | B34: =INDEX(RU_Clean!$G$5:$AH$129,MATCH($A$7,RU_Clean!$D$5:$D$129,0),MATCH($A34,RU_Clean!$G$4:$AH$4,0)) -> 184.9 | C34: =INDEX(RU_Clean!$G$5:$AH$129,MATCH($A$19,RU_Clean!$D$5:$D$129,0),MATCH($A34,RU_Clean!$G$4:$AH$4,0)) -> 218 | D34: =C34-B34 -> 33.1 | E34: =(C34-B34)/B34*100 -> 17.901568 | F34: =D34/$D$37 -> 0.53215434
A35: Non-alcoholic beverages | B35: =INDEX(RU_Clean!$G$5:$AH$129,MATCH($A$7,RU_Clean!$D$5:$D$129,0),MATCH($A35,RU_Clean!$G$4:$AH$4,0)) -> 167.1 | C35: =INDEX(RU_Clean!$G$5:$AH$129,MATCH($A$19,RU_Clean!$D$5:$D$129,0),MATCH($A35,RU_Clean!$G$4:$AH$4,0)) -> 173.4 | D35: =C35-B35 -> 6.3 | E35: =(C35-B35)/B35*100 -> 3.7701975 | F35: =D35/$D$37 -> 0.10128617
A36: Prepared meals, snacks, sweets etc. | B36: =INDEX(RU_Clean!$G$5:$AH$129,MATCH($A$7,RU_Clean!$D$5:$D$129,0),MATCH($A36,RU_Clean!$G$4:$AH$4,0)) -> 182.5 | C36: =INDEX(RU_Clean!$G$5:$AH$129,MATCH($A$19,RU_Clean!$D$5:$D$129,0),MATCH($A36,RU_Clean!$G$4:$AH$4,0)) -> 194.2 | D36: =C36-B36 -> 11.7 | E36: =(C36-B36)/B36*100 -> 6.4109589 | F36: =D36/$D$37 -> 0.18810289
A37: Total (food bucket) | B37: =SUM(B25:B36) -> 2065.6 | C37: =SUM(C25:C36) -> 2127.8 | D37: =SUM(D25:D36) -> 62.2 | E37: =(C37-B37)/B37*100 -> 3.0112316 | F37: =SUM(F25:F36) -> 1
A39: ANSWER: biggest contributor (absolute change) | B39: =INDEX(A25:A36,MATCH(MAX(D25:D36),D25:D36,0)) -> Spices | D39: =MAX(D25:D36) -> 33.1
A40: Highest % change | B40: =INDEX(A25:A36,MATCH(MAX(E25:E36),E25:E36,0)) -> Spices | E40: =MAX(E25:E36) -> 17.901568

Sheet Q4
A1: Q4 - COVID-19 impact: inflation before vs after March 2020 (Rural+Urban)
A2: Average monthly (MoM) and yearly (YoY) inflation in the window before the onset vs the window starting at the onset month.
A3: Onset month | B3: 43891
A4: Window length (months) | B4: 12
A5: Before window: from | B5: =DATE(YEAR(B3),MONTH(B3)-B4,1) -> 43525 | C5: Note: Apr-May 2020 values are missing in the source (lockdown) and are imputed in RU_Clean.
A6: Before window: to | B6: =DATE(YEAR(B3),MONTH(B3)-1,1) -> 43862
A7: After window: from | B7: =B3 -> 43891
A8: After window: to | B8: =DATE(YEAR(B3),MONTH(B3)+B4-1,1) -> 44228
A10: Category | B10: Avg MoM % before | C10: Avg MoM % after | D10: Change in avg MoM (pp) | E10: Avg YoY % before | F10: Avg YoY % after | G10: Change in avg YoY (pp)
A11: General index | B11: =AVERAGEIFS(INDEX(MoM!$G$5:$AH$129,0,MATCH($A11,MoM!$G$4:$AH$4,0)),MoM!$D$5:$D$129,">="&$B$5,MoM!$D$5:$D$129,"<="&$B$6) -> 0.53342386 | C11: =AVERAGEIFS(INDEX(MoM!$G$5:$AH$129,0,MATCH($A11,MoM!$G$4:$AH$4,0)),MoM!$D$5:$D$129,">="&$B$7,MoM!$D$5:$D$129,"<="&$B$8) -> 0.41228557 | D11: =C11-B11 -> -0.1211383 | E11: =AVERAGEIFS(INDEX(YoY!$G$5:$AH$129,0,MATCH($A11,YoY!$G$4:$AH$4,0)),YoY!$D$5:$D$129,">="&$B$5,YoY!$D$5:$D$129,"<="&$B$6) -> 4.5080683 | F11: =AVERAGEIFS(INDEX(YoY!$G$5:$AH$129,0,MATCH($A11,YoY!$G$4:$AH$4,0)),YoY!$D$5:$D$129,">="&$B$7,YoY!$D$5:$D$129,"<="&$B$8) -> 5.8317816 | G11: =F11-E11 -> 1.3237133
A12: Food bucket (sum of 12 food items) | B12: =AVERAGEIFS(INDEX(MoM!$G$5:$AH$129,0,MATCH($A12,MoM!$G$4:$AH$4,0)),MoM!$D$5:$D$129,">="&$B$5,MoM!$D$5:$D$129,"<="&$B$6) -> 0.70401369 | C12: =AVERAGEIFS(INDEX(MoM!$G$5:$AH$129,0,MATCH($A12,MoM!$G$4:$AH$4,0)),MoM!$D$5:$D$129,">="&$B$7,MoM!$D$5:$D$129,"<="&$B$8) -> 0.56753675 | D12: =C12-B12 -> -0.13647694 | E12: =AVERAGEIFS(INDEX(YoY!$G$5:$AH$129,0,MATCH($A12,YoY!$G$4:$AH$4,0)),YoY!$D$5:$D$129,">="&$B$5,YoY!$D$5:$D$129,"<="&$B$6) -> 4.8385976 | F12: =AVERAGEIFS(INDEX(YoY!$G$5:$AH$129,0,MATCH($A12,YoY!$G$4:$AH$4,0)),YoY!$D$5:$D$129,">="&$B$7,YoY!$D$5:$D$129,"<="&$B$8) -> 8.3556933 | G12: =F12-E12 -> 3.5170957
A13: Cereals and products | B13: =AVERAGEIFS(INDEX(MoM!$G$5:$AH$129,0,MATCH($A13,MoM!$G$4:$AH$4,0)),MoM!$D$5:$D$129,">="&$B$5,MoM!$D$5:$D$129,"<="&$B$6) -> 0.42609586 | C13: =AVERAGEIFS(INDEX(MoM!$G$5:$AH$129,0,MATCH($A13,MoM!$G$4:$AH$4,0)),MoM!$D$5:$D$129,">="&$B$7,MoM!$D$5:$D$129,"<="&$B$8) -> -0.025387976 | D13: =C13-B13 -> -0.45148384 | E13: =AVERAGEIFS(INDEX(YoY!$G$5:$AH$129,0,MATCH($A13,YoY!$G$4:$AH$4,0)),YoY!$D$5:$D$129,">="&$B$5,YoY!$D$5:$D$129,"<="&$B$6) -> 2.5813145 | F13: =AVERAGEIFS(INDEX(YoY!$G$5:$AH$129,0,MATCH($A13,YoY!$G$4:$AH$4,0)),YoY!$D$5:$D$129,">="&$B$7,YoY!$D$5:$D$129,"<="&$B$8) -> 4.713691 | G13: =F13-E13 -> 2.1323765
A14: Vegetables | B14: =AVERAGEIFS(INDEX(MoM!$G$5:$AH$129,0,MATCH($A14,MoM!$G$4:$AH$4,0)),MoM!$D$5:$D$129,">="&$B$5,MoM!$D$5:$D$129,"<="&$B$6) -> 2.5377323 | C14: =AVERAGEIFS(INDEX(MoM!$G$5:$AH$129,0,MATCH($A14,MoM!$G$4:$AH$4,0)),MoM!$D$5:$D$129,">="&$B$7,MoM!$D$5:$D$129,"<="&$B$8) -> -0.041131671 | D14: =C14-B14 -> -2.5788639 | E14: =AVERAGEIFS(INDEX(YoY!$G$5:$AH$129,0,MATCH($A14,YoY!$G$4:$AH$4,0)),YoY!$D$5:$D$129,">="&$B$5,YoY!$D$5:$D$129,"<="&$B$6) -> 20.370694 | F14: =AVERAGEIFS(INDEX(YoY!$G$5:$AH$129,0,MATCH($A14,YoY!$G$4:$AH$4,0)),YoY!$D$5:$D$129,">="&$B$7,YoY!$D$5:$D$129,"<="&$B$8) -> 7.9379062 | G14: =F14-E14 -> -12.432788
A15: Pulses and products | B15: =AVERAGEIFS(INDEX(MoM!$G$5:$AH$129,0,MATCH($A15,MoM!$G$4:$AH$4,0)),MoM!$D$5:$D$129,">="&$B$5,MoM!$D$5:$D$129,"<="&$B$6) -> 1.2913813 | C15: =AVERAGEIFS(INDEX(MoM!$G$5:$AH$129,0,MATCH($A15,MoM!$G$4:$AH$4,0)),MoM!$D$5:$D$129,">="&$B$7,MoM!$D$5:$D$129,"<="&$B$8) -> 1.0110709 | D15: =C15-B15 -> -0.28031039 | E15: =AVERAGEIFS(INDEX(YoY!$G$5:$AH$129,0,MATCH($A15,YoY!$G$4:$AH$4,0)),YoY!$D$5:$D$129,">="&$B$5,YoY!$D$5:$D$129,"<="&$B$6) -> 8.4632127 | F15: =AVERAGEIFS(INDEX(YoY!$G$5:$AH$129,0,MATCH($A15,YoY!$G$4:$AH$4,0)),YoY!$D$5:$D$129,">="&$B$7,YoY!$D$5:$D$129,"<="&$B$8) -> 16.072533 | G15: =F15-E15 -> 7.6093207
A16: Milk and products | B16: =AVERAGEIFS(INDEX(MoM!$G$5:$AH$129,0,MATCH($A16,MoM!$G$4:$AH$4,0)),MoM!$D$5:$D$129,">="&$B$5,MoM!$D$5:$D$129,"<="&$B$6) -> 0.49112988 | C16: =AVERAGEIFS(INDEX(MoM!$G$5:$AH$129,0,MATCH($A16,MoM!$G$4:$AH$4,0)),MoM!$D$5:$D$129,">="&$B$7,MoM!$D$5:$D$129,"<="&$B$8) -> 0.21642739 | D16: =C16-B16 -> -0.27470249 | E16: =AVERAGEIFS(INDEX(YoY!$G$5:$AH$129,0,MATCH($A16,YoY!$G$4:$AH$4,0)),YoY!$D$5:$D$129,">="&$B$5,YoY!$D$5:$D$129,"<="&$B$6) -> 2.4274713 | F16: =AVERAGEIFS(INDEX(YoY!$G$5:$AH$129,0,MATCH($A16,YoY!$G$4:$AH$4,0)),YoY!$D$5:$D$129,">="&$B$7,YoY!$D$5:$D$129,"<="&$B$8) -> 5.6836621 | G16: =F16-E16 -> 3.2561908
A17: Health | B17: =AVERAGEIFS(INDEX(MoM!$G$5:$AH$129,0,MATCH($A17,MoM!$G$4:$AH$4,0)),MoM!$D$5:$D$129,">="&$B$5,MoM!$D$5:$D$129,"<="&$B$6) -> 0.34262997 | C17: =AVERAGEIFS(INDEX(MoM!$G$5:$AH$129,0,MATCH($A17,MoM!$G$4:$AH$4,0)),MoM!$D$5:$D$129,">="&$B$7,MoM!$D$5:$D$129,"<="&$B$8) -> 0.51446802 | D17: =C17-B17 -> 0.17183806 | E17: =AVERAGEIFS(INDEX(YoY!$G$5:$AH$129,0,MATCH($A17,YoY!$G$4:$AH$4,0)),YoY!$D$5:$D$129,">="&$B$5,YoY!$D$5:$D$129,"<="&$B$6) -> 6.6472947 | F17: =AVERAGEIFS(INDEX(YoY!$G$5:$AH$129,0,MATCH($A17,YoY!$G$4:$AH$4,0)),YoY!$D$5:$D$129,">="&$B$7,YoY!$D$5:$D$129,"<="&$B$8) -> 4.6022722 | G17: =F17-E17 -> -2.0450225
A18: Fuel and light | B18: =AVERAGEIFS(INDEX(MoM!$G$5:$AH$129,0,MATCH($A18,MoM!$G$4:$AH$4,0)),MoM!$D$5:$D$129,">="&$B$5,MoM!$D$5:$D$129,"<="&$B$6) -> 0.51819857 | C18: =AVERAGEIFS(INDEX(MoM!$G$5:$AH$129,0,MATCH($A18,MoM!$G$4:$AH$4,0)),MoM!$D$5:$D$129,">="&$B$7,MoM!$D$5:$D$129,"<="&$B$8) -> 0.30120186 | D18: =C18-B18 -> -0.21699671 | E18: =AVERAGEIFS(INDEX(YoY!$G$5:$AH$129,0,MATCH($A18,YoY!$G$4:$AH$4,0)),YoY!$D$5:$D$129,">="&$B$5,YoY!$D$5:$D$129,"<="&$B$6) -> 0.91827132 | F18: =AVERAGEIFS(INDEX(YoY!$G$5:$AH$129,0,MATCH($A18,YoY!$G$4:$AH$4,0)),YoY!$D$5:$D$129,">="&$B$7,YoY!$D$5:$D$129,"<="&$B$8) -> 2.4033881 | G18: =F18-E18 -> 1.4851167
A19: Transport and communication | B19: =AVERAGEIFS(INDEX(MoM!$G$5:$AH$129,0,MATCH($A19,MoM!$G$4:$AH$4,0)),MoM!$D$5:$D$129,">="&$B$5,MoM!$D$5:$D$129,"<="&$B$6) -> 0.42321296 | C19: =AVERAGEIFS(INDEX(MoM!$G$5:$AH$129,0,MATCH($A19,MoM!$G$4:$AH$4,0)),MoM!$D$5:$D$129,">="&$B$7,MoM!$D$5:$D$129,"<="&$B$8) -> 0.90428262 | D19: =C19-B19 -> 0.48106966 | E19: =AVERAGEIFS(INDEX(YoY!$G$5:$AH$129,0,MATCH($A19,YoY!$G$4:$AH$4,0)),YoY!$D$5:$D$129,">="&$B$5,YoY!$D$5:$D$129,"<="&$B$6) -> 2.3693125 | F19: =AVERAGEIFS(INDEX(YoY!$G$5:$AH$129,0,MATCH($A19,YoY!$G$4:$AH$4,0)),YoY!$D$5:$D$129,">="&$B$7,YoY!$D$5:$D$129,"<="&$B$8) -> 8.6236634 | G19: =F19-E19 -> 6.2543509
A20: Education | B20: =AVERAGEIFS(INDEX(MoM!$G$5:$AH$129,0,MATCH($A20,MoM!$G$4:$AH$4,0)),MoM!$D$5:$D$129,">="&$B$5,MoM!$D$5:$D$129,"<="&$B$6) -> 0.32176973 | C20: =AVERAGEIFS(INDEX(MoM!$G$5:$AH$129,0,MATCH($A20,MoM!$G$4:$AH$4,0)),MoM!$D$5:$D$129,">="&$B$7,MoM!$D$5:$D$129,"<="&$B$8) -> 0.17543622 | D20: =C20-B20 -> -0.14633351 | E20: =AVERAGEIFS(INDEX(YoY!$G$5:$AH$129,0,MATCH($A20,YoY!$G$4:$AH$4,0)),YoY!$D$5:$D$129,">="&$B$5,YoY!$D$5:$D$129,"<="&$B$6) -> 5.696496 | F20: =AVERAGEIFS(INDEX(YoY!$G$5:$AH$129,0,MATCH($A20,YoY!$G$4:$AH$4,0)),YoY!$D$5:$D$129,">="&$B$7,YoY!$D$5:$D$129,"<="&$B$8) -> 2.4018676 | G20: =F20-E20 -> -3.2946284
A21: Housing | B21: =AVERAGEIFS(INDEX(MoM!$G$5:$AH$129,0,MATCH($A21,MoM!$G$4:$AH$4,0)),MoM!$D$5:$D$129,">="&$B$5,MoM!$D$5:$D$129,"<="&$B$6) -> 0.34761084 | C21: =AVERAGEIFS(INDEX(MoM!$G$5:$AH$129,0,MATCH($A21,MoM!$G$4:$AH$4,0)),MoM!$D$5:$D$129,">="&$B$7,MoM!$D$5:$D$129,"<="&$B$8) -> 0.26665361 | D21: =C21-B21 -> -0.080957227 | E21: =AVERAGEIFS(INDEX(YoY!$G$5:$AH$129,0,MATCH($A21,YoY!$G$4:$AH$4,0)),YoY!$D$5:$D$129,">="&$B$5,YoY!$D$5:$D$129,"<="&$B$6) -> 4.5911592 | F21: =AVERAGEIFS(INDEX(YoY!$G$5:$AH$129,0,MATCH($A21,YoY!$G$4:$AH$4,0)),YoY!$D$5:$D$129,">="&$B$7,YoY!$D$5:$D$129,"<="&$B$8) -> 3.1017273 | G21: =F21-E21 -> -1.4894319
A22: Household goods and services | B22: =AVERAGEIFS(INDEX(MoM!$G$5:$AH$129,0,MATCH($A22,MoM!$G$4:$AH$4,0)),MoM!$D$5:$D$129,">="&$B$5,MoM!$D$5:$D$129,"<="&$B$6) -> 0.15531859 | C22: =AVERAGEIFS(INDEX(MoM!$G$5:$AH$129,0,MATCH($A22,MoM!$G$4:$AH$4,0)),MoM!$D$5:$D$129,">="&$B$7,MoM!$D$5:$D$129,"<="&$B$8) -> 0.25333712 | D22: =C22-B22 -> 0.098018536 | E22: =AVERAGEIFS(INDEX(YoY!$G$5:$AH$129,0,MATCH($A22,YoY!$G$4:$AH$4,0)),YoY!$D$5:$D$129,">="&$B$5,YoY!$D$5:$D$129,"<="&$B$6) -> 3.4171465 | F22: =AVERAGEIFS(INDEX(YoY!$G$5:$AH$129,0,MATCH($A22,YoY!$G$4:$AH$4,0)),YoY!$D$5:$D$129,">="&$B$7,YoY!$D$5:$D$129,"<="&$B$8) -> 2.3318523 | G22: =F22-E22 -> -1.0852942
A24: ANSWER: biggest rise in avg MoM after onset | B24: =INDEX(A11:A22,MATCH(MAX(D11:D22),D11:D22,0)) -> Transport and communication | D24: =MAX(D11:D22) -> 0.48106966
A25: Biggest fall in avg MoM after onset | B25: =INDEX(A11:A22,MATCH(MIN(D11:D22),D11:D22,0)) -> Vegetables | D25: =MIN(D11:D22) -> -2.5788639
A27: Monthly YoY % trend (for chart)
A28: Month | B28: General index YoY % | C28: Food bucket YoY % | D28: Health YoY %
A29: 43466 | B29: =INDEX(YoY!$G$5:$AH$129,MATCH($A29,YoY!$D$5:$D$129,0),MATCH("General index",YoY!$G$4:$AH$4,0)) -> 1.9722425 | C29: =INDEX(YoY!$G$5:$AH$129,MATCH($A29,YoY!$D$5:$D$129,0),MATCH("Food bucket (sum of 12 food items)",YoY!$G$4:$AH$4,0)) -> -1.505455 | D29: =INDEX(YoY!$G$5:$AH$129,MATCH($A29,YoY!$D$5:$D$129,0),MATCH("Health",YoY!$G$4:$AH$4,0)) -> 8.8522131
A30: =DATE(YEAR(A29),MONTH(A29)+1,1) -> 43497 | B30: =INDEX(YoY!$G$5:$AH$129,MATCH($A30,YoY!$D$5:$D$129,0),MATCH("General index",YoY!$G$4:$AH$4,0)) -> 2.5659824 | C30: =INDEX(YoY!$G$5:$AH$129,MATCH($A30,YoY!$D$5:$D$129,0),MATCH("Food bucket (sum of 12 food items)",YoY!$G$4:$AH$4,0)) -> -0.19719004 | D30: =INDEX(YoY!$G$5:$AH$129,MATCH($A30,YoY!$D$5:$D$129,0),MATCH("Health",YoY!$G$4:$AH$4,0)) -> 8.819133
A31: =DATE(YEAR(A30),MONTH(A30)+1,1) -> 43525 | B31: =INDEX(YoY!$G$5:$AH$129,MATCH($A31,YoY!$D$5:$D$129,0),MATCH("General index",YoY!$G$4:$AH$4,0)) -> 2.8571429 | C31: =INDEX(YoY!$G$5:$AH$129,MATCH($A31,YoY!$D$5:$D$129,0),MATCH("Food bucket (sum of 12 food items)",YoY!$G$4:$AH$4,0)) -> 0.37064492 | D31: =INDEX(YoY!$G$5:$AH$129,MATCH($A31,YoY!$D$5:$D$129,0),MATCH("Health",YoY!$G$4:$AH$4,0)) -> 8.8607595
A32: =DATE(YEAR(A31),MONTH(A31)+1,1) -> 43556 | B32: =INDEX(YoY!$G$5:$AH$129,MATCH($A32,YoY!$D$5:$D$129,0),MATCH("General index",YoY!$G$4:$AH$4,0)) -> 2.9905179 | C32: =INDEX(YoY!$G$5:$AH$129,MATCH($A32,YoY!$D$5:$D$129,0),MATCH("Food bucket (sum of 12 food items)",YoY!$G$4:$AH$4,0)) -> 1.1299086 | D32: =INDEX(YoY!$G$5:$AH$129,MATCH($A32,YoY!$D$5:$D$129,0),MATCH("Health",YoY!$G$4:$AH$4,0)) -> 8.3949704
A33: =DATE(YEAR(A32),MONTH(A32)+1,1) -> 43586 | B33: =INDEX(YoY!$G$5:$AH$129,MATCH($A33,YoY!$D$5:$D$129,0),MATCH("General index",YoY!$G$4:$AH$4,0)) -> 3.0478955 | C33: =INDEX(YoY!$G$5:$AH$129,MATCH($A33,YoY!$D$5:$D$129,0),MATCH("Food bucket (sum of 12 food items)",YoY!$G$4:$AH$4,0)) -> 1.806746 | D33: =INDEX(YoY!$G$5:$AH$129,MATCH($A33,YoY!$D$5:$D$129,0),MATCH("Health",YoY!$G$4:$AH$4,0)) -> 8.0147059
A34: =DATE(YEAR(A33),MONTH(A33)+1,1) -> 43617 | B34: =INDEX(YoY!$G$5:$AH$129,MATCH($A34,YoY!$D$5:$D$129,0),MATCH("General index",YoY!$G$4:$AH$4,0)) -> 3.1768953 | C34: =INDEX(YoY!$G$5:$AH$129,MATCH($A34,YoY!$D$5:$D$129,0),MATCH("Food bucket (sum of 12 food items)",YoY!$G$4:$AH$4,0)) -> 2.2450603 | D34: =INDEX(YoY!$G$5:$AH$129,MATCH($A34,YoY!$D$5:$D$129,0),MATCH("Health",YoY!$G$4:$AH$4,0)) -> 8.2232012
A35: =DATE(YEAR(A34),MONTH(A34)+1,1) -> 43647 | B35: =INDEX(YoY!$G$5:$AH$129,MATCH($A35,YoY!$D$5:$D$129,0),MATCH("General index",YoY!$G$4:$AH$4,0)) -> 3.1473534 | C35: =INDEX(YoY!$G$5:$AH$129,MATCH($A35,YoY!$D$5:$D$129,0),MATCH("Food bucket (sum of 12 food items)",YoY!$G$4:$AH$4,0)) -> 2.3520164 | D35: =INDEX(YoY!$G$5:$AH$129,MATCH($A35,YoY!$D$5:$D$129,0),MATCH("Health",YoY!$G$4:$AH$4,0)) -> 7.9562044
A36: =DATE(YEAR(A35),MONTH(A35)+1,1) -> 43678 | B36: =INDEX(YoY!$G$5:$AH$129,MATCH($A36,YoY!$D$5:$D$129,0),MATCH("General index",YoY!$G$4:$AH$4,0)) -> 3.2763533 | C36: =INDEX(YoY!$G$5:$AH$129,MATCH($A36,YoY!$D$5:$D$129,0),MATCH("Food bucket (sum of 12 food items)",YoY!$G$4:$AH$4,0)) -> 2.6312613 | D36: =INDEX(YoY!$G$5:$AH$129,MATCH($A36,YoY!$D$5:$D$129,0),MATCH("Health",YoY!$G$4:$AH$4,0)) -> 7.8431373
A37: =DATE(YEAR(A36),MONTH(A36)+1,1) -> 43709 | B37: =INDEX(YoY!$G$5:$AH$129,MATCH($A37,YoY!$D$5:$D$129,0),MATCH("General index",YoY!$G$4:$AH$4,0)) -> 3.9942939 | C37: =INDEX(YoY!$G$5:$AH$129,MATCH($A37,YoY!$D$5:$D$129,0),MATCH("Food bucket (sum of 12 food items)",YoY!$G$4:$AH$4,0)) -> 4.3682509 | D37: =INDEX(YoY!$G$5:$AH$129,MATCH($A37,YoY!$D$5:$D$129,0),MATCH("Health",YoY!$G$4:$AH$4,0)) -> 7.6589595
A38: =DATE(YEAR(A37),MONTH(A37)+1,1) -> 43739 | B38: =INDEX(YoY!$G$5:$AH$129,MATCH($A38,YoY!$D$5:$D$129,0),MATCH("General index",YoY!$G$4:$AH$4,0)) -> 4.5454545 | C38: =INDEX(YoY!$G$5:$AH$129,MATCH($A38,YoY!$D$5:$D$129,0),MATCH("Food bucket (sum of 12 food items)",YoY!$G$4:$AH$4,0)) -> 6.0800489 | D38: =INDEX(YoY!$G$5:$AH$129,MATCH($A38,YoY!$D$5:$D$129,0),MATCH("Health",YoY!$G$4:$AH$4,0)) -> 5.1372273
A39: =DATE(YEAR(A38),MONTH(A38)+1,1) -> 43770 | B39: =INDEX(YoY!$G$5:$AH$129,MATCH($A39,YoY!$D$5:$D$129,0),MATCH("General index",YoY!$G$4:$AH$4,0)) -> 5.5397727 | C39: =INDEX(YoY!$G$5:$AH$129,MATCH($A39,YoY!$D$5:$D$129,0),MATCH("Food bucket (sum of 12 food items)",YoY!$G$4:$AH$4,0)) -> 7.5183374 | D39: =INDEX(YoY!$G$5:$AH$129,MATCH($A39,YoY!$D$5:$D$129,0),MATCH("Health",YoY!$G$4:$AH$4,0)) -> 5.4890922
A40: =DATE(YEAR(A39),MONTH(A39)+1,1) -> 43800 | B40: =INDEX(YoY!$G$5:$AH$129,MATCH($A40,YoY!$D$5:$D$129,0),MATCH("General index",YoY!$G$4:$AH$4,0)) -> 7.3518915 | C40: =INDEX(YoY!$G$5:$AH$129,MATCH($A40,YoY!$D$5:$D$129,0),MATCH("Food bucket (sum of 12 food items)",YoY!$G$4:$AH$4,0)) -> 10.248677 | D40: =INDEX(YoY!$G$5:$AH$129,MATCH($A40,YoY!$D$5:$D$129,0),MATCH("Health",YoY!$G$4:$AH$4,0)) -> 3.7957212
A41: =DATE(YEAR(A40),MONTH(A40)+1,1) -> 43831 | B41: =INDEX(YoY!$G$5:$AH$129,MATCH($A41,YoY!$D$5:$D$129,0),MATCH("General index",YoY!$G$4:$AH$4,0)) -> 7.5931232 | C41: =INDEX(YoY!$G$5:$AH$129,MATCH($A41,YoY!$D$5:$D$129,0),MATCH("Food bucket (sum of 12 food items)",YoY!$G$4:$AH$4,0)) -> 10.575495 | D41: =INDEX(YoY!$G$5:$AH$129,MATCH($A41,YoY!$D$5:$D$129,0),MATCH("Health",YoY!$G$4:$AH$4,0)) -> 4.2039972
... A64: =DATE(YEAR(A63),MONTH(A63)+1,1) -> 44531 | B64: =INDEX(YoY!$G$5:$AH$129,MATCH($A64,YoY!$D$5:$D$129,0),MATCH("General index",YoY!$G$4:$AH$4,0)) -> 4.5940843 | C64: =INDEX(YoY!$G$5:$AH$129,MATCH($A64,YoY!$D$5:$D$129,0),MATCH("Food bucket (sum of 12 food items)",YoY!$G$4:$AH$4,0)) -> 3.5499305 | D64: =INDEX(YoY!$G$5:$AH$129,MATCH($A64,YoY!$D$5:$D$129,0),MATCH("Health",YoY!$G$4:$AH$4,0)) -> 7.7700569

Sheet Q5
A1: Q5 - Imported crude oil price vs inflation (Dec-2020 base, Jan-2021 to May-2023, month-on-month)
A2: Oil price data is NOT in the CSV. Paste monthly Indian Basket crude price ($/bbl, PPAC) into the yellow column B. Correlation appears once 12+ monthly changes are available.
A3: ANSWER: category most correlated (|r| max) | B3: =IF(COUNT(D41:D68)=0,"Add oil prices in column B first",INDEX(B41:B68,MATCH(MAX(D41:D68),D41:D68,0))) -> Add oil prices in column B first | C3: =IF(COUNT(D41:D68)=0,"",INDEX(C41:C68,MATCH(MAX(D41:D68),D41:D68,0)))
A4: Valid oil MoM data points | B4: =COUNT(D8:D36) -> 3
A5: Correlation with oil MoM % | E5: =IF($B$4<12,"fill oil data",IFERROR(CORREL($D$8:$D$36,E8:E36),"n/a")) -> fill oil data | F5: =IF($B$4<12,"fill oil data",IFERROR(CORREL($D$8:$D$36,F8:F36),"n/a")) -> fill oil data | G5: =IF($B$4<12,"fill oil data",IFERROR(CORREL($D$8:$D$36,G8:G36),"n/a")) -> fill oil data | H5: =IF($B$4<12,"fill oil data",IFERROR(CORREL($D$8:$D$36,H8:H36),"n/a")) -> fill oil data | I5: =IF($B$4<12,"fill oil data",IFERROR(CORREL($D$8:$D$36,I8:I36),"n/a")) -> fill oil data | J5: =IF($B$4<12,"fill oil data",IFERROR(CORREL($D$8:$D$36,J8:J36),"n/a")) -> fill oil data | K5: =IF($B$4<12,"fill oil data",IFERROR(CORREL($D$8:$D$36,K8:K36),"n/a")) -> fill oil data | L5: =IF($B$4<12,"fill oil data",IFERROR(CORREL($D$8:$D$36,L8:L36),"n/a")) -> fill oil data | ... AF5: =IF($B$4<12,"fill oil data",IFERROR(CORREL($D$8:$D$36,AF8:AF36),"n/a")) -> fill oil data
A6: Month | B6: Oil price ($/bbl) - INPUT | C6: Source / note | D6: Oil MoM % | E6: Cereals and products | F6: Meat and fish | G6: Egg | H6: Milk and products | I6: Oils and fats | J6: Fruits | K6: Vegetables | L6: Pulses and products | M6: Sugar and Confectionery | N6: Spices | O6: Non-alcoholic beverages | P6: Prepared meals, snacks, sweets etc. | Q6: Food and beverages | R6: Pan, tobacco and intoxicants | S6: Clothing | T6: Footwear | U6: Clothing and footwear | V6: Housing | W6: Fuel and light | X6: Household goods and services | Y6: Health | Z6: Transport and communication | AA6: Recreation and amusement | AB6: Education | AC6: Personal care and effects | AD6: Miscellaneous | AE6: General index | AF6: Food bucket (sum of 12 food items)
A7: 44166 | E7: =INDEX(MoM!$G$5:$AH$129,MATCH($A7,MoM!$D$5:$D$129,0),MATCH(E$6,MoM!$G$4:$AH$4,0)) -> -0.54495913 | F7: =INDEX(MoM!$G$5:$AH$129,MATCH($A7,MoM!$D$5:$D$129,0),MATCH(F$6,MoM!$G$4:$AH$4,0)) -> 0 | G7: =INDEX(MoM!$G$5:$AH$129,MATCH($A7,MoM!$D$5:$D$129,0),MATCH(G$6,MoM!$G$4:$AH$4,0)) -> 0.97926267 | H7: =INDEX(MoM!$G$5:$AH$129,MATCH($A7,MoM!$D$5:$D$129,0),MATCH(H$6,MoM!$G$4:$AH$4,0)) -> 0.19505852 | I7: =INDEX(MoM!$G$5:$AH$129,MATCH($A7,MoM!$D$5:$D$129,0),MATCH(I$6,MoM!$G$4:$AH$4,0)) -> 2.7330063 | J7: =INDEX(MoM!$G$5:$AH$129,MATCH($A7,MoM!$D$5:$D$129,0),MATCH(J$6,MoM!$G$4:$AH$4,0)) -> -0.47169811 | K7: =INDEX(MoM!$G$5:$AH$129,MATCH($A7,MoM!$D$5:$D$129,0),MATCH(K$6,MoM!$G$4:$AH$4,0)) -> 0.2173913 | L7: =INDEX(MoM!$G$5:$AH$129,MATCH($A7,MoM!$D$5:$D$129,0),MATCH(L$6,MoM!$G$4:$AH$4,0)) -> 2.1683673 | ... AF7: =INDEX(MoM!$G$5:$AH$129,MATCH($A7,MoM!$D$5:$D$129,0),MATCH(AF$6,MoM!$G$4:$AH$4,0)) -> 0.66290331
A8: 44197 | D8: =IF(AND(ISNUMBER(B8),ISNUMBER(B7)),(B8-B7)/B7*100,"") | E8: =INDEX(MoM!$G$5:$AH$129,MATCH($A8,MoM!$D$5:$D$129,0),MATCH(E$6,MoM!$G$4:$AH$4,0)) -> -0.75342466 | F8: =INDEX(MoM!$G$5:$AH$129,MATCH($A8,MoM!$D$5:$D$129,0),MATCH(F$6,MoM!$G$4:$AH$4,0)) -> -0.47120419 | G8: =INDEX(MoM!$G$5:$AH$129,MATCH($A8,MoM!$D$5:$D$129,0),MATCH(G$6,MoM!$G$4:$AH$4,0)) -> 0 | H8: =INDEX(MoM!$G$5:$AH$129,MATCH($A8,MoM!$D$5:$D$129,0),MATCH(H$6,MoM!$G$4:$AH$4,0)) -> 0 | I8: =INDEX(MoM!$G$5:$AH$129,MATCH($A8,MoM!$D$5:$D$129,0),MATCH(I$6,MoM!$G$4:$AH$4,0)) -> 2.9331514 | J8: =INDEX(MoM!$G$5:$AH$129,MATCH($A8,MoM!$D$5:$D$129,0),MATCH(J$6,MoM!$G$4:$AH$4,0)) -> 1.2863913 | K8: =INDEX(MoM!$G$5:$AH$129,MATCH($A8,MoM!$D$5:$D$129,0),MATCH(K$6,MoM!$G$4:$AH$4,0)) -> -15.748373 | L8: =INDEX(MoM!$G$5:$AH$129,MATCH($A8,MoM!$D$5:$D$129,0),MATCH(L$6,MoM!$G$4:$AH$4,0)) -> 0.12484395 | ... AF8: =INDEX(MoM!$G$5:$AH$129,MATCH($A8,MoM!$D$5:$D$129,0),MATCH(AF$6,MoM!$G$4:$AH$4,0)) -> -1.4508412
A9: 44228 | D9: =IF(AND(ISNUMBER(B9),ISNUMBER(B8)),(B9-B8)/B8*100,"") | E9: =INDEX(MoM!$G$5:$AH$129,MATCH($A9,MoM!$D$5:$D$129,0),MATCH(E$6,MoM!$G$4:$AH$4,0)) -> -0.41407867 | F9: =INDEX(MoM!$G$5:$AH$129,MATCH($A9,MoM!$D$5:$D$129,0),MATCH(F$6,MoM!$G$4:$AH$4,0)) -> -1.8937401 | G9: =INDEX(MoM!$G$5:$AH$129,MATCH($A9,MoM!$D$5:$D$129,0),MATCH(G$6,MoM!$G$4:$AH$4,0)) -> -3.7649743 | H9: =INDEX(MoM!$G$5:$AH$129,MATCH($A9,MoM!$D$5:$D$129,0),MATCH(H$6,MoM!$G$4:$AH$4,0)) -> 0.38935756 | I9: =INDEX(MoM!$G$5:$AH$129,MATCH($A9,MoM!$D$5:$D$129,0),MATCH(I$6,MoM!$G$4:$AH$4,0)) -> 5.1689861 | J9: =INDEX(MoM!$G$5:$AH$129,MATCH($A9,MoM!$D$5:$D$129,0),MATCH(J$6,MoM!$G$4:$AH$4,0)) -> 0.73529412 | K9: =INDEX(MoM!$G$5:$AH$129,MATCH($A9,MoM!$D$5:$D$129,0),MATCH(K$6,MoM!$G$4:$AH$4,0)) -> -17.610711 | L9: =INDEX(MoM!$G$5:$AH$129,MATCH($A9,MoM!$D$5:$D$129,0),MATCH(L$6,MoM!$G$4:$AH$4,0)) -> -0.99750623 | ... AF9: =INDEX(MoM!$G$5:$AH$129,MATCH($A9,MoM!$D$5:$D$129,0),MATCH(AF$6,MoM!$G$4:$AH$4,0)) -> -1.7280084
A10: 44256 | D10: =IF(AND(ISNUMBER(B10),ISNUMBER(B9)),(B10-B9)/B9*100,"") | E10: =INDEX(MoM!$G$5:$AH$129,MATCH($A10,MoM!$D$5:$D$129,0),MATCH(E$6,MoM!$G$4:$AH$4,0)) -> -0.13860014 | F10: =INDEX(MoM!$G$5:$AH$129,MATCH($A10,MoM!$D$5:$D$129,0),MATCH(F$6,MoM!$G$4:$AH$4,0)) -> 3.0563003 | G10: =INDEX(MoM!$G$5:$AH$129,MATCH($A10,MoM!$D$5:$D$129,0),MATCH(G$6,MoM!$G$4:$AH$4,0)) -> -2.9045643 | H10: =INDEX(MoM!$G$5:$AH$129,MATCH($A10,MoM!$D$5:$D$129,0),MATCH(H$6,MoM!$G$4:$AH$4,0)) -> 0.12928248 | I10: =INDEX(MoM!$G$5:$AH$129,MATCH($A10,MoM!$D$5:$D$129,0),MATCH(I$6,MoM!$G$4:$AH$4,0)) -> 3.2766226 | J10: =INDEX(MoM!$G$5:$AH$129,MATCH($A10,MoM!$D$5:$D$129,0),MATCH(J$6,MoM!$G$4:$AH$4,0)) -> 1.99071 | K10: =INDEX(MoM!$G$5:$AH$129,MATCH($A10,MoM!$D$5:$D$129,0),MATCH(K$6,MoM!$G$4:$AH$4,0)) -> -6.5625 | L10: =INDEX(MoM!$G$5:$AH$129,MATCH($A10,MoM!$D$5:$D$129,0),MATCH(L$6,MoM!$G$4:$AH$4,0)) -> 0.62972292 | ... AF10: =INDEX(MoM!$G$5:$AH$129,MATCH($A10,MoM!$D$5:$D$129,0),MATCH(AF$6,MoM!$G$4:$AH$4,0)) -> 0.015937102
A11: 44287 | B11: 63.4 | C11: PPAC snapshot Apr-2022 (Indian basket, Apr-2021) | D11: =IF(AND(ISNUMBER(B11),ISNUMBER(B10)),(B11-B10)/B10*100,"") | E11: =INDEX(MoM!$G$5:$AH$129,MATCH($A11,MoM!$D$5:$D$129,0),MATCH(E$6,MoM!$G$4:$AH$4,0)) -> 0.13879251 | F11: =INDEX(MoM!$G$5:$AH$129,MATCH($A11,MoM!$D$5:$D$129,0),MATCH(F$6,MoM!$G$4:$AH$4,0)) -> 3.0176899 | G11: =INDEX(MoM!$G$5:$AH$129,MATCH($A11,MoM!$D$5:$D$129,0),MATCH(G$6,MoM!$G$4:$AH$4,0)) -> 0.48840049 | H11: =INDEX(MoM!$G$5:$AH$129,MATCH($A11,MoM!$D$5:$D$129,0),MATCH(H$6,MoM!$G$4:$AH$4,0)) -> 0.3227889 | I11: =INDEX(MoM!$G$5:$AH$129,MATCH($A11,MoM!$D$5:$D$129,0),MATCH(I$6,MoM!$G$4:$AH$4,0)) -> 3.7827944 | J11: =INDEX(MoM!$G$5:$AH$129,MATCH($A11,MoM!$D$5:$D$129,0),MATCH(J$6,MoM!$G$4:$AH$4,0)) -> 6.9616135 | K11: =INDEX(MoM!$G$5:$AH$129,MATCH($A11,MoM!$D$5:$D$129,0),MATCH(K$6,MoM!$G$4:$AH$4,0)) -> -3.6120401 | L11: =INDEX(MoM!$G$5:$AH$129,MATCH($A11,MoM!$D$5:$D$129,0),MATCH(L$6,MoM!$G$4:$AH$4,0)) -> 1.1889862 | ... AF11: =INDEX(MoM!$G$5:$AH$129,MATCH($A11,MoM!$D$5:$D$129,0),MATCH(AF$6,MoM!$G$4:$AH$4,0)) -> 1.2428958
A12: 44317 | D12: =IF(AND(ISNUMBER(B12),ISNUMBER(B11)),(B12-B11)/B11*100,"") | E12: =INDEX(MoM!$G$5:$AH$129,MATCH($A12,MoM!$D$5:$D$129,0),MATCH(E$6,MoM!$G$4:$AH$4,0)) -> 1.3860014 | F12: =INDEX(MoM!$G$5:$AH$129,MATCH($A12,MoM!$D$5:$D$129,0),MATCH(F$6,MoM!$G$4:$AH$4,0)) -> 1.2626263 | G12: =INDEX(MoM!$G$5:$AH$129,MATCH($A12,MoM!$D$5:$D$129,0),MATCH(G$6,MoM!$G$4:$AH$4,0)) -> 3.4629405 | H12: =INDEX(MoM!$G$5:$AH$129,MATCH($A12,MoM!$D$5:$D$129,0),MATCH(H$6,MoM!$G$4:$AH$4,0)) -> 0.45045045 | I12: =INDEX(MoM!$G$5:$AH$129,MATCH($A12,MoM!$D$5:$D$129,0),MATCH(I$6,MoM!$G$4:$AH$4,0)) -> 5.0558495 | J12: =INDEX(MoM!$G$5:$AH$129,MATCH($A12,MoM!$D$5:$D$129,0),MATCH(J$6,MoM!$G$4:$AH$4,0)) -> 1.6423358 | K12: =INDEX(MoM!$G$5:$AH$129,MATCH($A12,MoM!$D$5:$D$129,0),MATCH(K$6,MoM!$G$4:$AH$4,0)) -> 2.6370576 | L12: =INDEX(MoM!$G$5:$AH$129,MATCH($A12,MoM!$D$5:$D$129,0),MATCH(L$6,MoM!$G$4:$AH$4,0)) -> 2.288188 | ... AF12: =INDEX(MoM!$G$5:$AH$129,MATCH($A12,MoM!$D$5:$D$129,0),MATCH(AF$6,MoM!$G$4:$AH$4,0)) -> 2.0408163
A13: 44348 | D13: =IF(AND(ISNUMBER(B13),ISNUMBER(B12)),(B13-B12)/B12*100,"") | E13: =INDEX(MoM!$G$5:$AH$129,MATCH($A13,MoM!$D$5:$D$129,0),MATCH(E$6,MoM!$G$4:$AH$4,0)) -> 0.2734108 | F13: =INDEX(MoM!$G$5:$AH$129,MATCH($A13,MoM!$D$5:$D$129,0),MATCH(F$6,MoM!$G$4:$AH$4,0)) -> 0.74812968 | G13: =INDEX(MoM!$G$5:$AH$129,MATCH($A13,MoM!$D$5:$D$129,0),MATCH(G$6,MoM!$G$4:$AH$4,0)) -> 6.1068702 | H13: =INDEX(MoM!$G$5:$AH$129,MATCH($A13,MoM!$D$5:$D$129,0),MATCH(H$6,MoM!$G$4:$AH$4,0)) -> 0.064061499 | I13: =INDEX(MoM!$G$5:$AH$129,MATCH($A13,MoM!$D$5:$D$129,0),MATCH(I$6,MoM!$G$4:$AH$4,0)) -> 2.7979855 | J13: =INDEX(MoM!$G$5:$AH$129,MATCH($A13,MoM!$D$5:$D$129,0),MATCH(J$6,MoM!$G$4:$AH$4,0)) -> -1.4961101 | K13: =INDEX(MoM!$G$5:$AH$129,MATCH($A13,MoM!$D$5:$D$129,0),MATCH(K$6,MoM!$G$4:$AH$4,0)) -> 5.0709939 | L13: =INDEX(MoM!$G$5:$AH$129,MATCH($A13,MoM!$D$5:$D$129,0),MATCH(L$6,MoM!$G$4:$AH$4,0)) -> 0.36275695 | ... AF13: =INDEX(MoM!$G$5:$AH$129,MATCH($A13,MoM!$D$5:$D$129,0),MATCH(AF$6,MoM!$G$4:$AH$4,0)) -> 1.3521851
A14: 44378 | D14: =IF(AND(ISNUMBER(B14),ISNUMBER(B13)),(B14-B13)/B13*100,"") | E14: =INDEX(MoM!$G$5:$AH$129,MATCH($A14,MoM!$D$5:$D$129,0),MATCH(E$6,MoM!$G$4:$AH$4,0)) -> -0.20449898 | F14: =INDEX(MoM!$G$5:$AH$129,MATCH($A14,MoM!$D$5:$D$129,0),MATCH(F$6,MoM!$G$4:$AH$4,0)) -> 2.3762376 | G14: =INDEX(MoM!$G$5:$AH$129,MATCH($A14,MoM!$D$5:$D$129,0),MATCH(G$6,MoM!$G$4:$AH$4,0)) -> 0.83010515 | H14: =INDEX(MoM!$G$5:$AH$129,MATCH($A14,MoM!$D$5:$D$129,0),MATCH(H$6,MoM!$G$4:$AH$4,0)) -> 0.83226633 | I14: =INDEX(MoM!$G$5:$AH$129,MATCH($A14,MoM!$D$5:$D$129,0),MATCH(I$6,MoM!$G$4:$AH$4,0)) -> -0.8709853 | J14: =INDEX(MoM!$G$5:$AH$129,MATCH($A14,MoM!$D$5:$D$129,0),MATCH(J$6,MoM!$G$4:$AH$4,0)) -> -0.42527339 | K14: =INDEX(MoM!$G$5:$AH$129,MATCH($A14,MoM!$D$5:$D$129,0),MATCH(K$6,MoM!$G$4:$AH$4,0)) -> 5.6628057 | L14: =INDEX(MoM!$G$5:$AH$129,MATCH($A14,MoM!$D$5:$D$129,0),MATCH(L$6,MoM!$G$4:$AH$4,0)) -> -1.2048193 | ... AF14: =INDEX(MoM!$G$5:$AH$129,MATCH($A14,MoM!$D$5:$D$129,0),MATCH(AF$6,MoM!$G$4:$AH$4,0)) -> 0.59351697
A15: 44409 | D15: =IF(AND(ISNUMBER(B15),ISNUMBER(B14)),(B15-B14)/B14*100,"") | E15: =INDEX(MoM!$G$5:$AH$129,MATCH($A15,MoM!$D$5:$D$129,0),MATCH(E$6,MoM!$G$4:$AH$4,0)) -> 0.13661202 | F15: =INDEX(MoM!$G$5:$AH$129,MATCH($A15,MoM!$D$5:$D$129,0),MATCH(F$6,MoM!$G$4:$AH$4,0)) -> -1.3539652 | G15: =INDEX(MoM!$G$5:$AH$129,MATCH($A15,MoM!$D$5:$D$129,0),MATCH(G$6,MoM!$G$4:$AH$4,0)) -> -5.1591658 | H15: =INDEX(MoM!$G$5:$AH$129,MATCH($A15,MoM!$D$5:$D$129,0),MATCH(H$6,MoM!$G$4:$AH$4,0)) -> 0.57142857 | I15: =INDEX(MoM!$G$5:$AH$129,MATCH($A15,MoM!$D$5:$D$129,0),MATCH(I$6,MoM!$G$4:$AH$4,0)) -> 3.239978 | J15: =INDEX(MoM!$G$5:$AH$129,MATCH($A15,MoM!$D$5:$D$129,0),MATCH(J$6,MoM!$G$4:$AH$4,0)) -> -4.3319097 | K15: =INDEX(MoM!$G$5:$AH$129,MATCH($A15,MoM!$D$5:$D$129,0),MATCH(K$6,MoM!$G$4:$AH$4,0)) -> -1.2180268 | L15: =INDEX(MoM!$G$5:$AH$129,MATCH($A15,MoM!$D$5:$D$129,0),MATCH(L$6,MoM!$G$4:$AH$4,0)) -> 0.06097561 | ... AF15: =INDEX(MoM!$G$5:$AH$129,MATCH($A15,MoM!$D$5:$D$129,0),MATCH(AF$6,MoM!$G$4:$AH$4,0)) -> -0.25214322
A16: 44440 | D16: =IF(AND(ISNUMBER(B16),ISNUMBER(B15)),(B16-B15)/B15*100,"") | E16: =INDEX(MoM!$G$5:$AH$129,MATCH($A16,MoM!$D$5:$D$129,0),MATCH(E$6,MoM!$G$4:$AH$4,0)) -> 0 | F16: =INDEX(MoM!$G$5:$AH$129,MATCH($A16,MoM!$D$5:$D$129,0),MATCH(F$6,MoM!$G$4:$AH$4,0)) -> 0 | G16: =INDEX(MoM!$G$5:$AH$129,MATCH($A16,MoM!$D$5:$D$129,0),MATCH(G$6,MoM!$G$4:$AH$4,0)) -> 0 | H16: =INDEX(MoM!$G$5:$AH$129,MATCH($A16,MoM!$D$5:$D$129,0),MATCH(H$6,MoM!$G$4:$AH$4,0)) -> 0 | I16: =INDEX(MoM!$G$5:$AH$129,MATCH($A16,MoM!$D$5:$D$129,0),MATCH(I$6,MoM!$G$4:$AH$4,0)) -> 0 | J16: =INDEX(MoM!$G$5:$AH$129,MATCH($A16,MoM!$D$5:$D$129,0),MATCH(J$6,MoM!$G$4:$AH$4,0)) -> -0.06377551 | K16: =INDEX(MoM!$G$5:$AH$129,MATCH($A16,MoM!$D$5:$D$129,0),MATCH(K$6,MoM!$G$4:$AH$4,0)) -> 0.061652281 | L16: =INDEX(MoM!$G$5:$AH$129,MATCH($A16,MoM!$D$5:$D$129,0),MATCH(L$6,MoM!$G$4:$AH$4,0)) -> 0 | ... AF16: =INDEX(MoM!$G$5:$AH$129,MATCH($A16,MoM!$D$5:$D$129,0),MATCH(AF$6,MoM!$G$4:$AH$4,0)) -> 0
A17: 44470 | D17: =IF(AND(ISNUMBER(B17),ISNUMBER(B16)),(B17-B16)/B16*100,"") | E17: =INDEX(MoM!$G$5:$AH$129,MATCH($A17,MoM!$D$5:$D$129,0),MATCH(E$6,MoM!$G$4:$AH$4,0)) -> 0.54570259 | F17: =INDEX(MoM!$G$5:$AH$129,MATCH($A17,MoM!$D$5:$D$129,0),MATCH(F$6,MoM!$G$4:$AH$4,0)) -> 0.29411765 | G17: =INDEX(MoM!$G$5:$AH$129,MATCH($A17,MoM!$D$5:$D$129,0),MATCH(G$6,MoM!$G$4:$AH$4,0)) -> -0.92592593 | H17: =INDEX(MoM!$G$5:$AH$129,MATCH($A17,MoM!$D$5:$D$129,0),MATCH(H$6,MoM!$G$4:$AH$4,0)) -> 0.18939394 | I17: =INDEX(MoM!$G$5:$AH$129,MATCH($A17,MoM!$D$5:$D$129,0),MATCH(I$6,MoM!$G$4:$AH$4,0)) -> 1.3829787 | J17: =INDEX(MoM!$G$5:$AH$129,MATCH($A17,MoM!$D$5:$D$129,0),MATCH(J$6,MoM!$G$4:$AH$4,0)) -> -0.63816209 | K17: =INDEX(MoM!$G$5:$AH$129,MATCH($A17,MoM!$D$5:$D$129,0),MATCH(K$6,MoM!$G$4:$AH$4,0)) -> 14.171288 | L17: =INDEX(MoM!$G$5:$AH$129,MATCH($A17,MoM!$D$5:$D$129,0),MATCH(L$6,MoM!$G$4:$AH$4,0)) -> 0.67032297 | ... AF17: =INDEX(MoM!$G$5:$AH$129,MATCH($A17,MoM!$D$5:$D$129,0),MATCH(AF$6,MoM!$G$4:$AH$4,0)) -> 1.5065723
A18: 44501 | D18: =IF(AND(ISNUMBER(B18),ISNUMBER(B17)),(B18-B17)/B17*100,"") | E18: =INDEX(MoM!$G$5:$AH$129,MATCH($A18,MoM!$D$5:$D$129,0),MATCH(E$6,MoM!$G$4:$AH$4,0)) -> 0.54274084 | F18: =INDEX(MoM!$G$5:$AH$129,MATCH($A18,MoM!$D$5:$D$129,0),MATCH(F$6,MoM!$G$4:$AH$4,0)) -> -1.4662757 | G18: =INDEX(MoM!$G$5:$AH$129,MATCH($A18,MoM!$D$5:$D$129,0),MATCH(G$6,MoM!$G$4:$AH$4,0)) -> 1.0514019 | H18: =INDEX(MoM!$G$5:$AH$129,MATCH($A18,MoM!$D$5:$D$129,0),MATCH(H$6,MoM!$G$4:$AH$4,0)) -> 0.37807183 | I18: =INDEX(MoM!$G$5:$AH$129,MATCH($A18,MoM!$D$5:$D$129,0),MATCH(I$6,MoM!$G$4:$AH$4,0)) -> -0.26232949 | J18: =INDEX(MoM!$G$5:$AH$129,MATCH($A18,MoM!$D$5:$D$129,0),MATCH(J$6,MoM!$G$4:$AH$4,0)) -> 0.51380861 | K18: =INDEX(MoM!$G$5:$AH$129,MATCH($A18,MoM!$D$5:$D$129,0),MATCH(K$6,MoM!$G$4:$AH$4,0)) -> 7.5013492 | L18: =INDEX(MoM!$G$5:$AH$129,MATCH($A18,MoM!$D$5:$D$129,0),MATCH(L$6,MoM!$G$4:$AH$4,0)) -> 0.060532688 | ... AF18: =INDEX(MoM!$G$5:$AH$129,MATCH($A18,MoM!$D$5:$D$129,0),MATCH(AF$6,MoM!$G$4:$AH$4,0)) -> 0.82677558
A19: 44531 | D19: =IF(AND(ISNUMBER(B19),ISNUMBER(B18)),(B19-B18)/B18*100,"") | E19: =INDEX(MoM!$G$5:$AH$129,MATCH($A19,MoM!$D$5:$D$129,0),MATCH(E$6,MoM!$G$4:$AH$4,0)) -> 0.33738192 | F19: =INDEX(MoM!$G$5:$AH$129,MATCH($A19,MoM!$D$5:$D$129,0),MATCH(F$6,MoM!$G$4:$AH$4,0)) -> -1.3888889 | G19: =INDEX(MoM!$G$5:$AH$129,MATCH($A19,MoM!$D$5:$D$129,0),MATCH(G$6,MoM!$G$4:$AH$4,0)) -> 2.8323699 | H19: =INDEX(MoM!$G$5:$AH$129,MATCH($A19,MoM!$D$5:$D$129,0),MATCH(H$6,MoM!$G$4:$AH$4,0)) -> 0.37664783 | I19: =INDEX(MoM!$G$5:$AH$129,MATCH($A19,MoM!$D$5:$D$129,0),MATCH(I$6,MoM!$G$4:$AH$4,0)) -> -1.3150973 | J19: =INDEX(MoM!$G$5:$AH$129,MATCH($A19,MoM!$D$5:$D$129,0),MATCH(J$6,MoM!$G$4:$AH$4,0)) -> -1.0223642 | K19: =INDEX(MoM!$G$5:$AH$129,MATCH($A19,MoM!$D$5:$D$129,0),MATCH(K$6,MoM!$G$4:$AH$4,0)) -> -5.4718876 | L19: =INDEX(MoM!$G$5:$AH$129,MATCH($A19,MoM!$D$5:$D$129,0),MATCH(L$6,MoM!$G$4:$AH$4,0)) -> -0.54446461 | ... AF19: =INDEX(MoM!$G$5:$AH$129,MATCH($A19,MoM!$D$5:$D$129,0),MATCH(AF$6,MoM!$G$4:$AH$4,0)) -> -0.57794902
A20: 44562 | D20: =IF(AND(ISNUMBER(B20),ISNUMBER(B19)),(B20-B19)/B19*100,"") | E20: =INDEX(MoM!$G$5:$AH$129,MATCH($A20,MoM!$D$5:$D$129,0),MATCH(E$6,MoM!$G$4:$AH$4,0)) -> 0.53799597 | F20: =INDEX(MoM!$G$5:$AH$129,MATCH($A20,MoM!$D$5:$D$129,0),MATCH(F$6,MoM!$G$4:$AH$4,0)) -> -0.050301811 | G20: =INDEX(MoM!$G$5:$AH$129,MATCH($A20,MoM!$D$5:$D$129,0),MATCH(G$6,MoM!$G$4:$AH$4,0)) -> 0.50590219 | H20: =INDEX(MoM!$G$5:$AH$129,MATCH($A20,MoM!$D$5:$D$129,0),MATCH(H$6,MoM!$G$4:$AH$4,0)) -> 0.37523452 | I20: =INDEX(MoM!$G$5:$AH$129,MATCH($A20,MoM!$D$5:$D$129,0),MATCH(I$6,MoM!$G$4:$AH$4,0)) -> -1.5458422 | J20: =INDEX(MoM!$G$5:$AH$129,MATCH($A20,MoM!$D$5:$D$129,0),MATCH(J$6,MoM!$G$4:$AH$4,0)) -> -0.77469335 | K20: =INDEX(MoM!$G$5:$AH$129,MATCH($A20,MoM!$D$5:$D$129,0),MATCH(K$6,MoM!$G$4:$AH$4,0)) -> -7.4349442 | L20: =INDEX(MoM!$G$5:$AH$129,MATCH($A20,MoM!$D$5:$D$129,0),MATCH(L$6,MoM!$G$4:$AH$4,0)) -> -0.30413625 | ... AF20: =INDEX(MoM!$G$5:$AH$129,MATCH($A20,MoM!$D$5:$D$129,0),MATCH(AF$6,MoM!$G$4:$AH$4,0)) -> -0.7402991
A21: 44593 | D21: =IF(AND(ISNUMBER(B21),ISNUMBER(B20)),(B21-B20)/B20*100,"") | E21: =INDEX(MoM!$G$5:$AH$129,MATCH($A21,MoM!$D$5:$D$129,0),MATCH(E$6,MoM!$G$4:$AH$4,0)) -> 0.33444816 | F21: =INDEX(MoM!$G$5:$AH$129,MATCH($A21,MoM!$D$5:$D$129,0),MATCH(F$6,MoM!$G$4:$AH$4,0)) -> 0.9562154 | G21: =INDEX(MoM!$G$5:$AH$129,MATCH($A21,MoM!$D$5:$D$129,0),MATCH(G$6,MoM!$G$4:$AH$4,0)) -> -1.6778523 | H21: =INDEX(MoM!$G$5:$AH$129,MATCH($A21,MoM!$D$5:$D$129,0),MATCH(H$6,MoM!$G$4:$AH$4,0)) -> 0.12461059 | I21: =INDEX(MoM!$G$5:$AH$129,MATCH($A21,MoM!$D$5:$D$129,0),MATCH(I$6,MoM!$G$4:$AH$4,0)) -> 0.1082837 | J21: =INDEX(MoM!$G$5:$AH$129,MATCH($A21,MoM!$D$5:$D$129,0),MATCH(J$6,MoM!$G$4:$AH$4,0)) -> 0 | K21: =INDEX(MoM!$G$5:$AH$129,MATCH($A21,MoM!$D$5:$D$129,0),MATCH(K$6,MoM!$G$4:$AH$4,0)) -> -2.6391279 | L21: =INDEX(MoM!$G$5:$AH$129,MATCH($A21,MoM!$D$5:$D$129,0),MATCH(L$6,MoM!$G$4:$AH$4,0)) -> -0.12202563 | ... AF21: =INDEX(MoM!$G$5:$AH$129,MATCH($A21,MoM!$D$5:$D$129,0),MATCH(AF$6,MoM!$G$4:$AH$4,0)) -> -0.14015417
A22: 44621 | B22: 112.87 | C22: PPAC snapshot Apr-2022 (Mar-2022) | D22: =IF(AND(ISNUMBER(B22),ISNUMBER(B21)),(B22-B21)/B21*100,"") | E22: =INDEX(MoM!$G$5:$AH$129,MATCH($A22,MoM!$D$5:$D$129,0),MATCH(E$6,MoM!$G$4:$AH$4,0)) -> 0.86666667 | F22: =INDEX(MoM!$G$5:$AH$129,MATCH($A22,MoM!$D$5:$D$129,0),MATCH(F$6,MoM!$G$4:$AH$4,0)) -> 5.0348953 | G22: =INDEX(MoM!$G$5:$AH$129,MATCH($A22,MoM!$D$5:$D$129,0),MATCH(G$6,MoM!$G$4:$AH$4,0)) -> -4.5506257 | H22: =INDEX(MoM!$G$5:$AH$129,MATCH($A22,MoM!$D$5:$D$129,0),MATCH(H$6,MoM!$G$4:$AH$4,0)) -> 0.9334163 | I22: =INDEX(MoM!$G$5:$AH$129,MATCH($A22,MoM!$D$5:$D$129,0),MATCH(I$6,MoM!$G$4:$AH$4,0)) -> 5.246079 | J22: =INDEX(MoM!$G$5:$AH$129,MATCH($A22,MoM!$D$5:$D$129,0),MATCH(J$6,MoM!$G$4:$AH$4,0)) -> 2.5374105 | K22: =INDEX(MoM!$G$5:$AH$129,MATCH($A22,MoM!$D$5:$D$129,0),MATCH(K$6,MoM!$G$4:$AH$4,0)) -> -1.6499705 | L22: =INDEX(MoM!$G$5:$AH$129,MATCH($A22,MoM!$D$5:$D$129,0),MATCH(L$6,MoM!$G$4:$AH$4,0)) -> 0.12217471 | ... AF22: =INDEX(MoM!$G$5:$AH$129,MATCH($A22,MoM!$D$5:$D$129,0),MATCH(AF$6,MoM!$G$4:$AH$4,0)) -> 1.0426065
A23: 44652 | B23: 102.97 | C23: PPAC snapshot Apr-2022 | D23: =IF(AND(ISNUMBER(B23),ISNUMBER(B22)),(B23-B22)/B22*100,"") -> -8.7711527 | E23: =INDEX(MoM!$G$5:$AH$129,MATCH($A23,MoM!$D$5:$D$129,0),MATCH(E$6,MoM!$G$4:$AH$4,0)) -> 1.0575017 | F23: =INDEX(MoM!$G$5:$AH$129,MATCH($A23,MoM!$D$5:$D$129,0),MATCH(F$6,MoM!$G$4:$AH$4,0)) -> 0.52206929 | G23: =INDEX(MoM!$G$5:$AH$129,MATCH($A23,MoM!$D$5:$D$129,0),MATCH(G$6,MoM!$G$4:$AH$4,0)) -> -1.9666269 | H23: =INDEX(MoM!$G$5:$AH$129,MATCH($A23,MoM!$D$5:$D$129,0),MATCH(H$6,MoM!$G$4:$AH$4,0)) -> 1.0480888 | I23: =INDEX(MoM!$G$5:$AH$129,MATCH($A23,MoM!$D$5:$D$129,0),MATCH(I$6,MoM!$G$4:$AH$4,0)) -> 2.5179856 | J23: =INDEX(MoM!$G$5:$AH$129,MATCH($A23,MoM!$D$5:$D$129,0),MATCH(J$6,MoM!$G$4:$AH$4,0)) -> 9.5177665 | K23: =INDEX(MoM!$G$5:$AH$129,MATCH($A23,MoM!$D$5:$D$129,0),MATCH(K$6,MoM!$G$4:$AH$4,0)) -> -0.41941282 | L23: =INDEX(MoM!$G$5:$AH$129,MATCH($A23,MoM!$D$5:$D$129,0),MATCH(L$6,MoM!$G$4:$AH$4,0)) -> 0.4881025 | ... AF23: =INDEX(MoM!$G$5:$AH$129,MATCH($A23,MoM!$D$5:$D$129,0),MATCH(AF$6,MoM!$G$4:$AH$4,0)) -> 1.3741443
A24: 44682 | B24: 109.51 | C24: PPAC via Livemint (May-2022) | D24: =IF(AND(ISNUMBER(B24),ISNUMBER(B23)),(B24-B23)/B23*100,"") -> 6.3513645 | E24: =INDEX(MoM!$G$5:$AH$129,MATCH($A24,MoM!$D$5:$D$129,0),MATCH(E$6,MoM!$G$4:$AH$4,0)) -> 0.78482668 | F24: =INDEX(MoM!$G$5:$AH$129,MATCH($A24,MoM!$D$5:$D$129,0),MATCH(F$6,MoM!$G$4:$AH$4,0)) -> 2.4551464 | G24: =INDEX(MoM!$G$5:$AH$129,MATCH($A24,MoM!$D$5:$D$129,0),MATCH(G$6,MoM!$G$4:$AH$4,0)) -> -1.2765957 | H24: =INDEX(MoM!$G$5:$AH$129,MATCH($A24,MoM!$D$5:$D$129,0),MATCH(H$6,MoM!$G$4:$AH$4,0)) -> 0.61012813 | I24: =INDEX(MoM!$G$5:$AH$129,MATCH($A24,MoM!$D$5:$D$129,0),MATCH(I$6,MoM!$G$4:$AH$4,0)) -> 1.4536341 | J24: =INDEX(MoM!$G$5:$AH$129,MATCH($A24,MoM!$D$5:$D$129,0),MATCH(J$6,MoM!$G$4:$AH$4,0)) -> -0.92699884 | K24: =INDEX(MoM!$G$5:$AH$129,MATCH($A24,MoM!$D$5:$D$129,0),MATCH(K$6,MoM!$G$4:$AH$4,0)) -> 5.234657 | L24: =INDEX(MoM!$G$5:$AH$129,MATCH($A24,MoM!$D$5:$D$129,0),MATCH(L$6,MoM!$G$4:$AH$4,0)) -> 0 | ... AF24: =INDEX(MoM!$G$5:$AH$129,MATCH($A24,MoM!$D$5:$D$129,0),MATCH(AF$6,MoM!$G$4:$AH$4,0)) -> 1.0814779
A25: 44713 | D25: =IF(AND(ISNUMBER(B25),ISNUMBER(B24)),(B25-B24)/B24*100,"") | E25: =INDEX(MoM!$G$5:$AH$129,MATCH($A25,MoM!$D$5:$D$129,0),MATCH(E$6,MoM!$G$4:$AH$4,0)) -> 0.58403634 | F25: =INDEX(MoM!$G$5:$AH$129,MATCH($A25,MoM!$D$5:$D$129,0),MATCH(F$6,MoM!$G$4:$AH$4,0)) -> 1.1059908 | G25: =INDEX(MoM!$G$5:$AH$129,MATCH($A25,MoM!$D$5:$D$129,0),MATCH(G$6,MoM!$G$4:$AH$4,0)) -> 5.1724138 | H25: =INDEX(MoM!$G$5:$AH$129,MATCH($A25,MoM!$D$5:$D$129,0),MATCH(H$6,MoM!$G$4:$AH$4,0)) -> 0.54578532 | I25: =INDEX(MoM!$G$5:$AH$129,MATCH($A25,MoM!$D$5:$D$129,0),MATCH(I$6,MoM!$G$4:$AH$4,0)) -> -0.74110672 | J25: =INDEX(MoM!$G$5:$AH$129,MATCH($A25,MoM!$D$5:$D$129,0),MATCH(J$6,MoM!$G$4:$AH$4,0)) -> -0.76023392 | K25: =INDEX(MoM!$G$5:$AH$129,MATCH($A25,MoM!$D$5:$D$129,0),MATCH(K$6,MoM!$G$4:$AH$4,0)) -> 4.2309891 | L25: =INDEX(MoM!$G$5:$AH$129,MATCH($A25,MoM!$D$5:$D$129,0),MATCH(L$6,MoM!$G$4:$AH$4,0)) -> -0.24286582 | ... AF25: =INDEX(MoM!$G$5:$AH$129,MATCH($A25,MoM!$D$5:$D$129,0),MATCH(AF$6,MoM!$G$4:$AH$4,0)) -> 1.0360186
A26: 44743 | D26: =IF(AND(ISNUMBER(B26),ISNUMBER(B25)),(B26-B25)/B25*100,"") | E26: =INDEX(MoM!$G$5:$AH$129,MATCH($A26,MoM!$D$5:$D$129,0),MATCH(E$6,MoM!$G$4:$AH$4,0)) -> 0.96774194 | F26: =INDEX(MoM!$G$5:$AH$129,MATCH($A26,MoM!$D$5:$D$129,0),MATCH(F$6,MoM!$G$4:$AH$4,0)) -> -2.9170465 | G26: =INDEX(MoM!$G$5:$AH$129,MATCH($A26,MoM!$D$5:$D$129,0),MATCH(G$6,MoM!$G$4:$AH$4,0)) -> 2.5761124 | H26: =INDEX(MoM!$G$5:$AH$129,MATCH($A26,MoM!$D$5:$D$129,0),MATCH(H$6,MoM!$G$4:$AH$4,0)) -> 0.48250905 | I26: =INDEX(MoM!$G$5:$AH$129,MATCH($A26,MoM!$D$5:$D$129,0),MATCH(I$6,MoM!$G$4:$AH$4,0)) -> -2.5385764 | J26: =INDEX(MoM!$G$5:$AH$129,MATCH($A26,MoM!$D$5:$D$129,0),MATCH(J$6,MoM!$G$4:$AH$4,0)) -> 2.6517384 | K26: =INDEX(MoM!$G$5:$AH$129,MATCH($A26,MoM!$D$5:$D$129,0),MATCH(K$6,MoM!$G$4:$AH$4,0)) -> -0.10970927 | L26: =INDEX(MoM!$G$5:$AH$129,MATCH($A26,MoM!$D$5:$D$129,0),MATCH(L$6,MoM!$G$4:$AH$4,0)) -> 0 | ... AF26: =INDEX(MoM!$G$5:$AH$129,MATCH($A26,MoM!$D$5:$D$129,0),MATCH(AF$6,MoM!$G$4:$AH$4,0)) -> 0.20603737
A27: 44774 | D27: =IF(AND(ISNUMBER(B27),ISNUMBER(B26)),(B27-B26)/B26*100,"") | E27: =INDEX(MoM!$G$5:$AH$129,MATCH($A27,MoM!$D$5:$D$129,0),MATCH(E$6,MoM!$G$4:$AH$4,0)) -> 2.428115 | F27: =INDEX(MoM!$G$5:$AH$129,MATCH($A27,MoM!$D$5:$D$129,0),MATCH(F$6,MoM!$G$4:$AH$4,0)) -> -3.0516432 | G27: =INDEX(MoM!$G$5:$AH$129,MATCH($A27,MoM!$D$5:$D$129,0),MATCH(G$6,MoM!$G$4:$AH$4,0)) -> -3.4246575 | H27: =INDEX(MoM!$G$5:$AH$129,MATCH($A27,MoM!$D$5:$D$129,0),MATCH(H$6,MoM!$G$4:$AH$4,0)) -> 0.90036014 | I27: =INDEX(MoM!$G$5:$AH$129,MATCH($A27,MoM!$D$5:$D$129,0),MATCH(I$6,MoM!$G$4:$AH$4,0)) -> -1.7364658 | J27: =INDEX(MoM!$G$5:$AH$129,MATCH($A27,MoM!$D$5:$D$129,0),MATCH(J$6,MoM!$G$4:$AH$4,0)) -> -0.74626866 | K27: =INDEX(MoM!$G$5:$AH$129,MATCH($A27,MoM!$D$5:$D$129,0),MATCH(K$6,MoM!$G$4:$AH$4,0)) -> 2.5260846 | L27: =INDEX(MoM!$G$5:$AH$129,MATCH($A27,MoM!$D$5:$D$129,0),MATCH(L$6,MoM!$G$4:$AH$4,0)) -> 1.7650639 | ... AF27: =INDEX(MoM!$G$5:$AH$129,MATCH($A27,MoM!$D$5:$D$129,0),MATCH(AF$6,MoM!$G$4:$AH$4,0)) -> 0.076507436
A28: 44805 | D28: =IF(AND(ISNUMBER(B28),ISNUMBER(B27)),(B28-B27)/B27*100,"") | E28: =INDEX(MoM!$G$5:$AH$129,MATCH($A28,MoM!$D$5:$D$129,0),MATCH(E$6,MoM!$G$4:$AH$4,0)) -> 1.996257 | F28: =INDEX(MoM!$G$5:$AH$129,MATCH($A28,MoM!$D$5:$D$129,0),MATCH(F$6,MoM!$G$4:$AH$4,0)) -> 1.3075061 | G28: =INDEX(MoM!$G$5:$AH$129,MATCH($A28,MoM!$D$5:$D$129,0),MATCH(G$6,MoM!$G$4:$AH$4,0)) -> 0.29550827 | H28: =INDEX(MoM!$G$5:$AH$129,MATCH($A28,MoM!$D$5:$D$129,0),MATCH(H$6,MoM!$G$4:$AH$4,0)) -> 0.9518144 | I28: =INDEX(MoM!$G$5:$AH$129,MATCH($A28,MoM!$D$5:$D$129,0),MATCH(I$6,MoM!$G$4:$AH$4,0)) -> -1.9230769 | J28: =INDEX(MoM!$G$5:$AH$129,MATCH($A28,MoM!$D$5:$D$129,0),MATCH(J$6,MoM!$G$4:$AH$4,0)) -> -4.1642568 | K28: =INDEX(MoM!$G$5:$AH$129,MATCH($A28,MoM!$D$5:$D$129,0),MATCH(K$6,MoM!$G$4:$AH$4,0)) -> 2.7316551 | L28: =INDEX(MoM!$G$5:$AH$129,MATCH($A28,MoM!$D$5:$D$129,0),MATCH(L$6,MoM!$G$4:$AH$4,0)) -> 1.1363636 | ... AF28: =INDEX(MoM!$G$5:$AH$129,MATCH($A28,MoM!$D$5:$D$129,0),MATCH(AF$6,MoM!$G$4:$AH$4,0)) -> 0.48736203
A29: 44835 | D29: =IF(AND(ISNUMBER(B29),ISNUMBER(B28)),(B29-B28)/B28*100,"") | E29: =INDEX(MoM!$G$5:$AH$129,MATCH($A29,MoM!$D$5:$D$129,0),MATCH(E$6,MoM!$G$4:$AH$4,0)) -> 1.0397554 | F29: =INDEX(MoM!$G$5:$AH$129,MATCH($A29,MoM!$D$5:$D$129,0),MATCH(F$6,MoM!$G$4:$AH$4,0)) -> 0.8126195 | G29: =INDEX(MoM!$G$5:$AH$129,MATCH($A29,MoM!$D$5:$D$129,0),MATCH(G$6,MoM!$G$4:$AH$4,0)) -> 0.70713023 | H29: =INDEX(MoM!$G$5:$AH$129,MATCH($A29,MoM!$D$5:$D$129,0),MATCH(H$6,MoM!$G$4:$AH$4,0)) -> 0.70713023 | I29: =INDEX(MoM!$G$5:$AH$129,MATCH($A29,MoM!$D$5:$D$129,0),MATCH(I$6,MoM!$G$4:$AH$4,0)) -> -1.1658718 | J29: =INDEX(MoM!$G$5:$AH$129,MATCH($A29,MoM!$D$5:$D$129,0),MATCH(J$6,MoM!$G$4:$AH$4,0)) -> -1.1466506 | K29: =INDEX(MoM!$G$5:$AH$129,MATCH($A29,MoM!$D$5:$D$129,0),MATCH(K$6,MoM!$G$4:$AH$4,0)) -> 4.1188738 | L29: =INDEX(MoM!$G$5:$AH$129,MATCH($A29,MoM!$D$5:$D$129,0),MATCH(L$6,MoM!$G$4:$AH$4,0)) -> 0.41395624 | ... AF29: =INDEX(MoM!$G$5:$AH$129,MATCH($A29,MoM!$D$5:$D$129,0),MATCH(AF$6,MoM!$G$4:$AH$4,0)) -> 0.6942133
A30: 44866 | D30: =IF(AND(ISNUMBER(B30),ISNUMBER(B29)),(B30-B29)/B29*100,"") | E30: =INDEX(MoM!$G$5:$AH$129,MATCH($A30,MoM!$D$5:$D$129,0),MATCH(E$6,MoM!$G$4:$AH$4,0)) -> 1.3317191 | F30: =INDEX(MoM!$G$5:$AH$129,MATCH($A30,MoM!$D$5:$D$129,0),MATCH(F$6,MoM!$G$4:$AH$4,0)) -> -0.71123755 | G30: =INDEX(MoM!$G$5:$AH$129,MATCH($A30,MoM!$D$5:$D$129,0),MATCH(G$6,MoM!$G$4:$AH$4,0)) -> 6.1439438 | H30: =INDEX(MoM!$G$5:$AH$129,MATCH($A30,MoM!$D$5:$D$129,0),MATCH(H$6,MoM!$G$4:$AH$4,0)) -> 0.81919251 | I30: =INDEX(MoM!$G$5:$AH$129,MATCH($A30,MoM!$D$5:$D$129,0),MATCH(I$6,MoM!$G$4:$AH$4,0)) -> 1.2868633 | J30: =INDEX(MoM!$G$5:$AH$129,MATCH($A30,MoM!$D$5:$D$129,0),MATCH(J$6,MoM!$G$4:$AH$4,0)) -> -1.8925519 | K30: =INDEX(MoM!$G$5:$AH$129,MATCH($A30,MoM!$D$5:$D$129,0),MATCH(K$6,MoM!$G$4:$AH$4,0)) -> -8.3124687 | L30: =INDEX(MoM!$G$5:$AH$129,MATCH($A30,MoM!$D$5:$D$129,0),MATCH(L$6,MoM!$G$4:$AH$4,0)) -> 0.41224971 | ... AF30: =INDEX(MoM!$G$5:$AH$129,MATCH($A30,MoM!$D$5:$D$129,0),MATCH(AF$6,MoM!$G$4:$AH$4,0)) -> 0.037776833
A31: 44896 | D31: =IF(AND(ISNUMBER(B31),ISNUMBER(B30)),(B31-B30)/B30*100,"") | E31: =INDEX(MoM!$G$5:$AH$129,MATCH($A31,MoM!$D$5:$D$129,0),MATCH(E$6,MoM!$G$4:$AH$4,0)) -> 1.0752688 | F31: =INDEX(MoM!$G$5:$AH$129,MATCH($A31,MoM!$D$5:$D$129,0),MATCH(F$6,MoM!$G$4:$AH$4,0)) -> -0.19102197 | G31: =INDEX(MoM!$G$5:$AH$129,MATCH($A31,MoM!$D$5:$D$129,0),MATCH(G$6,MoM!$G$4:$AH$4,0)) -> 4.8511577 | H31: =INDEX(MoM!$G$5:$AH$129,MATCH($A31,MoM!$D$5:$D$129,0),MATCH(H$6,MoM!$G$4:$AH$4,0)) -> 0.75449797 | I31: =INDEX(MoM!$G$5:$AH$129,MATCH($A31,MoM!$D$5:$D$129,0),MATCH(I$6,MoM!$G$4:$AH$4,0)) -> -0.21175225 | J31: =INDEX(MoM!$G$5:$AH$129,MATCH($A31,MoM!$D$5:$D$129,0),MATCH(J$6,MoM!$G$4:$AH$4,0)) -> -1.6801493 | K31: =INDEX(MoM!$G$5:$AH$129,MATCH($A31,MoM!$D$5:$D$129,0),MATCH(K$6,MoM!$G$4:$AH$4,0)) -> -12.670672 | L31: =INDEX(MoM!$G$5:$AH$129,MATCH($A31,MoM!$D$5:$D$129,0),MATCH(L$6,MoM!$G$4:$AH$4,0)) -> 0.17595308 | ... AF31: =INDEX(MoM!$G$5:$AH$129,MATCH($A31,MoM!$D$5:$D$129,0),MATCH(AF$6,MoM!$G$4:$AH$4,0)) -> -0.51923531
A32: 44927 | D32: =IF(AND(ISNUMBER(B32),ISNUMBER(B31)),(B32-B31)/B31*100,"") | E32: =INDEX(MoM!$G$5:$AH$129,MATCH($A32,MoM!$D$5:$D$129,0),MATCH(E$6,MoM!$G$4:$AH$4,0)) -> 2.7186761 | F32: =INDEX(MoM!$G$5:$AH$129,MATCH($A32,MoM!$D$5:$D$129,0),MATCH(F$6,MoM!$G$4:$AH$4,0)) -> 0.81339713 | G32: =INDEX(MoM!$G$5:$AH$129,MATCH($A32,MoM!$D$5:$D$129,0),MATCH(G$6,MoM!$G$4:$AH$4,0)) -> 2.2607781 | H32: =INDEX(MoM!$G$5:$AH$129,MATCH($A32,MoM!$D$5:$D$129,0),MATCH(H$6,MoM!$G$4:$AH$4,0)) -> 0.57603687 | I32: =INDEX(MoM!$G$5:$AH$129,MATCH($A32,MoM!$D$5:$D$129,0),MATCH(I$6,MoM!$G$4:$AH$4,0)) -> -0.68965517 | J32: =INDEX(MoM!$G$5:$AH$129,MATCH($A32,MoM!$D$5:$D$129,0),MATCH(J$6,MoM!$G$4:$AH$4,0)) -> 0.18987342 | K32: =INDEX(MoM!$G$5:$AH$129,MATCH($A32,MoM!$D$5:$D$129,0),MATCH(K$6,MoM!$G$4:$AH$4,0)) -> -3.7523452 | L32: =INDEX(MoM!$G$5:$AH$129,MATCH($A32,MoM!$D$5:$D$129,0),MATCH(L$6,MoM!$G$4:$AH$4,0)) -> 0.058548009 | ... AF32: =INDEX(MoM!$G$5:$AH$129,MATCH($A32,MoM!$D$5:$D$129,0),MATCH(AF$6,MoM!$G$4:$AH$4,0)) -> 0.40332147
A33: 44958 | D33: =IF(AND(ISNUMBER(B33),ISNUMBER(B32)),(B33-B32)/B32*100,"") | E33: =INDEX(MoM!$G$5:$AH$129,MATCH($A33,MoM!$D$5:$D$129,0),MATCH(E$6,MoM!$G$4:$AH$4,0)) -> 0.3452244 | F33: =INDEX(MoM!$G$5:$AH$129,MATCH($A33,MoM!$D$5:$D$129,0),MATCH(F$6,MoM!$G$4:$AH$4,0)) -> -1.4238253 | G33: =INDEX(MoM!$G$5:$AH$129,MATCH($A33,MoM!$D$5:$D$129,0),MATCH(G$6,MoM!$G$4:$AH$4,0)) -> -9.9228792 | H33: =INDEX(MoM!$G$5:$AH$129,MATCH($A33,MoM!$D$5:$D$129,0),MATCH(H$6,MoM!$G$4:$AH$4,0)) -> 1.5463918 | I33: =INDEX(MoM!$G$5:$AH$129,MATCH($A33,MoM!$D$5:$D$129,0),MATCH(I$6,MoM!$G$4:$AH$4,0)) -> -4.2200855 | J33: =INDEX(MoM!$G$5:$AH$129,MATCH($A33,MoM!$D$5:$D$129,0),MATCH(J$6,MoM!$G$4:$AH$4,0)) -> 7.0751737 | K33: =INDEX(MoM!$G$5:$AH$129,MATCH($A33,MoM!$D$5:$D$129,0),MATCH(K$6,MoM!$G$4:$AH$4,0)) -> -0.7797271 | L33: =INDEX(MoM!$G$5:$AH$129,MATCH($A33,MoM!$D$5:$D$129,0),MATCH(L$6,MoM!$G$4:$AH$4,0)) -> 0.058513751 | ... AF33: =INDEX(MoM!$G$5:$AH$129,MATCH($A33,MoM!$D$5:$D$129,0),MATCH(AF$6,MoM!$G$4:$AH$4,0)) -> -0.65689981
A34: 44986 | D34: =IF(AND(ISNUMBER(B34),ISNUMBER(B33)),(B34-B33)/B33*100,"") | E34: =INDEX(MoM!$G$5:$AH$129,MATCH($A34,MoM!$D$5:$D$129,0),MATCH(E$6,MoM!$G$4:$AH$4,0)) -> 0 | F34: =INDEX(MoM!$G$5:$AH$129,MATCH($A34,MoM!$D$5:$D$129,0),MATCH(F$6,MoM!$G$4:$AH$4,0)) -> 0 | G34: =INDEX(MoM!$G$5:$AH$129,MATCH($A34,MoM!$D$5:$D$129,0),MATCH(G$6,MoM!$G$4:$AH$4,0)) -> 0 | H34: =INDEX(MoM!$G$5:$AH$129,MATCH($A34,MoM!$D$5:$D$129,0),MATCH(H$6,MoM!$G$4:$AH$4,0)) -> 0 | I34: =INDEX(MoM!$G$5:$AH$129,MATCH($A34,MoM!$D$5:$D$129,0),MATCH(I$6,MoM!$G$4:$AH$4,0)) -> -0.055772448 | J34: =INDEX(MoM!$G$5:$AH$129,MATCH($A34,MoM!$D$5:$D$129,0),MATCH(J$6,MoM!$G$4:$AH$4,0)) -> 0 | K34: =INDEX(MoM!$G$5:$AH$129,MATCH($A34,MoM!$D$5:$D$129,0),MATCH(K$6,MoM!$G$4:$AH$4,0)) -> 0.065487885 | L34: =INDEX(MoM!$G$5:$AH$129,MATCH($A34,MoM!$D$5:$D$129,0),MATCH(L$6,MoM!$G$4:$AH$4,0)) -> 0.058479532 | ... AF34: =INDEX(MoM!$G$5:$AH$129,MATCH($A34,MoM!$D$5:$D$129,0),MATCH(AF$6,MoM!$G$4:$AH$4,0)) -> 0.0047571476
A35: 45017 | B35: 83.76 | C35: PPAC via Livemint (Apr-2023) | D35: =IF(AND(ISNUMBER(B35),ISNUMBER(B34)),(B35-B34)/B34*100,"") | E35: =INDEX(MoM!$G$5:$AH$129,MATCH($A35,MoM!$D$5:$D$129,0),MATCH(E$6,MoM!$G$4:$AH$4,0)) -> -0.3440367 | F35: =INDEX(MoM!$G$5:$AH$129,MATCH($A35,MoM!$D$5:$D$129,0),MATCH(F$6,MoM!$G$4:$AH$4,0)) -> 0.77034184 | G35: =INDEX(MoM!$G$5:$AH$129,MATCH($A35,MoM!$D$5:$D$129,0),MATCH(G$6,MoM!$G$4:$AH$4,0)) -> -3.196347 | H35: =INDEX(MoM!$G$5:$AH$129,MATCH($A35,MoM!$D$5:$D$129,0),MATCH(H$6,MoM!$G$4:$AH$4,0)) -> 0.62041737 | I35: =INDEX(MoM!$G$5:$AH$129,MATCH($A35,MoM!$D$5:$D$129,0),MATCH(I$6,MoM!$G$4:$AH$4,0)) -> -2.3995536 | J35: =INDEX(MoM!$G$5:$AH$129,MATCH($A35,MoM!$D$5:$D$129,0),MATCH(J$6,MoM!$G$4:$AH$4,0)) -> 4.0117994 | K35: =INDEX(MoM!$G$5:$AH$129,MATCH($A35,MoM!$D$5:$D$129,0),MATCH(K$6,MoM!$G$4:$AH$4,0)) -> 1.7015707 | L35: =INDEX(MoM!$G$5:$AH$129,MATCH($A35,MoM!$D$5:$D$129,0),MATCH(L$6,MoM!$G$4:$AH$4,0)) -> 1.3442431 | ... AF35: =INDEX(MoM!$G$5:$AH$129,MATCH($A35,MoM!$D$5:$D$129,0),MATCH(AF$6,MoM!$G$4:$AH$4,0)) -> 0.45190753
A36: 45047 | B36: 74.98 | C36: PPAC via Livemint (May-2023) | D36: =IF(AND(ISNUMBER(B36),ISNUMBER(B35)),(B36-B35)/B35*100,"") -> -10.48233 | E36: =INDEX(MoM!$G$5:$AH$129,MATCH($A36,MoM!$D$5:$D$129,0),MATCH(E$6,MoM!$G$4:$AH$4,0)) -> -0.057537399 | F36: =INDEX(MoM!$G$5:$AH$129,MATCH($A36,MoM!$D$5:$D$129,0),MATCH(F$6,MoM!$G$4:$AH$4,0)) -> 2.3889154 | G36: =INDEX(MoM!$G$5:$AH$129,MATCH($A36,MoM!$D$5:$D$129,0),MATCH(G$6,MoM!$G$4:$AH$4,0)) -> 2.1226415 | H36: =INDEX(MoM!$G$5:$AH$129,MATCH($A36,MoM!$D$5:$D$129,0),MATCH(H$6,MoM!$G$4:$AH$4,0)) -> 0.61659193 | I36: =INDEX(MoM!$G$5:$AH$129,MATCH($A36,MoM!$D$5:$D$129,0),MATCH(I$6,MoM!$G$4:$AH$4,0)) -> -2.8016009 | J36: =INDEX(MoM!$G$5:$AH$129,MATCH($A36,MoM!$D$5:$D$129,0),MATCH(J$6,MoM!$G$4:$AH$4,0)) -> -2.3255814 | K36: =INDEX(MoM!$G$5:$AH$129,MATCH($A36,MoM!$D$5:$D$129,0),MATCH(K$6,MoM!$G$4:$AH$4,0)) -> 3.6036036 | L36: =INDEX(MoM!$G$5:$AH$129,MATCH($A36,MoM!$D$5:$D$129,0),MATCH(L$6,MoM!$G$4:$AH$4,0)) -> 1.2687428 | ... AF36: =INDEX(MoM!$G$5:$AH$129,MATCH($A36,MoM!$D$5:$D$129,0),MATCH(AF$6,MoM!$G$4:$AH$4,0)) -> 0.7624189
A39: Ranking of categories by correlation with oil
A40: # | B40: Category | C40: Correlation | D40: |Correlation|
A41: 1 | B41: =INDEX($E$6:$AF$6,A41) -> Cereals and products | C41: =INDEX($E$5:$AF$5,A41) -> fill oil data | D41: =IF(ISNUMBER(C41),ABS(C41),"")
A42: 2 | B42: =INDEX($E$6:$AF$6,A42) -> Meat and fish | C42: =INDEX($E$5:$AF$5,A42) -> fill oil data | D42: =IF(ISNUMBER(C42),ABS(C42),"")
A43: 3 | B43: =INDEX($E$6:$AF$6,A43) -> Egg | C43: =INDEX($E$5:$AF$5,A43) -> fill oil data | D43: =IF(ISNUMBER(C43),ABS(C43),"")
A44: 4 | B44: =INDEX($E$6:$AF$6,A44) -> Milk and products | C44: =INDEX($E$5:$AF$5,A44) -> fill oil data | D44: =IF(ISNUMBER(C44),ABS(C44),"")
A45: 5 | B45: =INDEX($E$6:$AF$6,A45) -> Oils and fats | C45: =INDEX($E$5:$AF$5,A45) -> fill oil data | D45: =IF(ISNUMBER(C45),ABS(C45),"")
A46: 6 | B46: =INDEX($E$6:$AF$6,A46) -> Fruits | C46: =INDEX($E$5:$AF$5,A46) -> fill oil data | D46: =IF(ISNUMBER(C46),ABS(C46),"")
A47: 7 | B47: =INDEX($E$6:$AF$6,A47) -> Vegetables | C47: =INDEX($E$5:$AF$5,A47) -> fill oil data | D47: =IF(ISNUMBER(C47),ABS(C47),"")
A48: 8 | B48: =INDEX($E$6:$AF$6,A48) -> Pulses and products | C48: =INDEX($E$5:$AF$5,A48) -> fill oil data | D48: =IF(ISNUMBER(C48),ABS(C48),"")
A49: 9 | B49: =INDEX($E$6:$AF$6,A49) -> Sugar and Confectionery | C49: =INDEX($E$5:$AF$5,A49) -> fill oil data | D49: =IF(ISNUMBER(C49),ABS(C49),"")
A50: 10 | B50: =INDEX($E$6:$AF$6,A50) -> Spices | C50: =INDEX($E$5:$AF$5,A50) -> fill oil data | D50: =IF(ISNUMBER(C50),ABS(C50),"")
A51: 11 | B51: =INDEX($E$6:$AF$6,A51) -> Non-alcoholic beverages | C51: =INDEX($E$5:$AF$5,A51) -> fill oil data | D51: =IF(ISNUMBER(C51),ABS(C51),"")
A52: 12 | B52: =INDEX($E$6:$AF$6,A52) -> Prepared meals, snacks, sweets etc. | C52: =INDEX($E$5:$AF$5,A52) -> fill oil data | D52: =IF(ISNUMBER(C52),ABS(C52),"")
... A68: 28 | B68: =INDEX($E$6:$AF$6,A68) -> Food bucket (sum of 12 food items) | C68: =INDEX($E$5:$AF$5,A68) -> fill oil data | D68: =IF(ISNUMBER(C68),ABS(C68),"")
